x,y
1.999999999999989120e+00,9.999999970372687175e-01
1.999999999999994671e+00,9.999999985481496934e-01
1.999999526324200749e+00,9.994880086444635214e-01
1.999998109040381777e+00,9.989760140317156534e-01
1.999992443703458189e+00,9.979520507179184818e-01
1.999983003945511317e+00,9.969281106051314234e-01
1.999961768245694271e+00,9.953923223772122020e-01
1.999932041460109611e+00,9.938566724354447324e-01
1.999888007294696290e+00,9.921506860523341409e-01
1.999831398050487596e+00,9.904450698668896269e-01
1.999753572945101698e+00,9.885695313403871642e-01
1.999658468831024161e+00,9.866947878856058285e-01
1.999533999305485699e+00,9.846508453720883569e-01
1.999386937146005794e+00,9.826084012945889290e-01
1.999172554609128571e+00,9.800578798590864338e-01
1.998925290696283108e+00,9.775103331447506649e-01
1.998624028648303241e+00,9.747969885782835631e-01
1.998282801382323060e+00,9.720883732287646239e-01
1.997827303188095982e+00,9.688788723793801960e-01
1.997318647728985708e+00,9.656773618294441919e-01
1.996664943703609696e+00,9.619815358783312398e-01
1.995943265338876005e+00,9.582983745696284084e-01
1.995114502017068192e+00,9.544633723733526587e-01
1.994208197532381321e+00,9.506459350380481732e-01
1.993178396179714262e+00,9.466837416162232621e-01
1.992061264437653412e+00,9.427452616747187264e-01
1.990702963748557375e+00,9.383450561261557077e-01
1.989239702578314839e+00,9.339786252472376260e-01
1.987496813769507042e+00,9.291681994494644936e-01
1.985636343396461445e+00,9.244020123266954991e-01
1.983461826957193308e+00,9.192112611383088661e-01
1.981160541142508391e+00,9.140754589014719045e-01
1.978511775065093348e+00,9.085373043556577155e-01
1.975724521948267753e+00,9.030675481882359801e-01
1.972802137592780669e+00,8.976686364156448716e-01
1.969748127333452947e+00,8.923430976771455914e-01
1.966430156020389175e+00,8.868767008290262543e-01
1.962975723546583229e+00,8.814955047098121943e-01
1.959581166362987625e+00,8.764826427787398844e-01
1.956067596353443738e+00,8.715524358796624682e-01
1.952576001573065323e+00,8.668872104260875178e-01
1.948979367895475656e+00,8.623024702459733959e-01
1.945607779605836862e+00,8.581922723478381254e-01
1.942151140995507896e+00,8.541533330884937270e-01
1.938726719779039875e+00,8.503123572044606338e-01
1.935227515217001093e+00,8.465394027916139930e-01
1.932012895872234903e+00,8.432009165108512727e-01
1.928739345065268784e+00,8.399202001678813811e-01
1.925531385732935252e+00,8.368158144446070645e-01
1.922270539967416036e+00,8.337670504800875904e-01
1.919339750550560053e+00,8.311149287723396117e-01
1.916368596375847222e+00,8.285081203925431792e-01
1.913489133019788069e+00,8.260559174513072422e-01
1.910575329939404821e+00,8.236446406264480435e-01
1.907761361827038815e+00,8.213807589017348976e-01
1.904917070258632217e+00,8.191551108479275811e-01
1.902179326657952751e+00,8.170705309775280201e-01
1.899414929399778407e+00,8.150214387788068393e-01
1.896763239557232028e+00,8.131071471336414058e-01
1.894088239865568513e+00,8.112255768116283239e-01
1.891531573455577320e+00,8.094726334182883454e-01
1.888954628521354095e+00,8.077496491298149506e-01
1.886787763697179265e+00,8.063343170911732027e-01
1.884607098500534317e+00,8.049403539498941607e-01
1.882557875657230539e+00,8.036577331976232363e-01
1.880496926730228946e+00,8.023940527651383103e-01
1.878571041868863256e+00,8.012366642698794950e-01
1.876635278865636636e+00,8.000958845866825708e-01
1.874542042043045864e+00,7.988864359390678294e-01
1.872438483888244853e+00,7.976950358339855995e-01
1.870773146990699853e+00,7.967686504043850482e-01
1.869101592574488935e+00,7.958535428054094307e-01
1.867274544464281982e+00,7.948671239925091392e-01
1.865442672000054980e+00,7.938896975248397325e-01
1.863757767944233645e+00,7.929993141232865028e-01
1.862070138506380923e+00,7.921141116744522259e-01
1.860531895341406727e+00,7.913114790361943651e-01
1.858992668044354035e+00,7.905107378283532382e-01
1.857604613045135133e+00,7.897891818737412528e-01
1.856217001694778546e+00,7.890667736515605268e-01
1.854981758313910989e+00,7.884212770506907608e-01
1.853748104330884550e+00,7.877727467999277033e-01
1.852667446989972211e+00,7.871999779068051817e-01
1.851589261697944577e+00,7.866225664816313135e-01
1.850664139223015647e+00,7.861208923427064343e-01
1.849742114754659772e+00,7.856135433707429616e-01
1.848674792407509537e+00,7.850163811363328747e-01
1.847612268586535489e+00,7.844107111986481362e-01
1.846702700594640811e+00,7.838814403159916067e-01
1.845798375880253417e+00,7.833432526679595664e-01
1.845045606425404383e+00,7.828842291371710393e-01
1.844298242971209367e+00,7.824164483425588568e-01
1.843700341494481476e+00,7.820316531998934284e-01
1.843107691736586951e+00,7.816388101913245290e-01
1.842379952663551368e+00,7.811411522969590182e-01
1.841659935616495325e+00,7.806323720080546869e-01
1.840535177508567211e+00,7.798098175668563004e-01
1.839424727796873160e+00,7.789680350782025586e-01
1.837926028357792063e+00,7.777915500820350436e-01
1.836447043574783278e+00,7.765903680642667339e-01
1.834596337193839410e+00,7.750356443274486473e-01
1.832771662138940272e+00,7.734504353745633720e-01
1.830592162303812831e+00,7.714938164447430191e-01
1.828444182315074107e+00,7.695026385236887201e-01
1.825958567766903462e+00,7.671235547583655778e-01
1.823511256243987466e+00,7.647050814992386591e-01
1.820743774678040161e+00,7.618831905925297354e-01
1.818019942586384330e+00,7.590191453123963372e-01
1.814993515686773362e+00,7.557374849956667306e-01
1.812017823981455944e+00,7.524097572113426224e-01
1.808758429339917484e+00,7.486501841675522462e-01
1.805557135594033635e+00,7.448410420521007769e-01
1.802092964490068505e+00,7.405855980722664267e-01
1.798697150253103727e+00,7.362754055241980122e-01
1.795062003849194676e+00,7.315037753295621226e-01
1.791506432777292712e+00,7.266725677392791294e-01
1.787802645325837103e+00,7.214578510820903734e-01
1.784189008502037099e+00,7.161802667172422199e-01
1.780851105019867653e+00,7.111277793804706704e-01
1.777594234756508573e+00,7.060226466976564641e-01
1.774536845523595474e+00,7.010605934470673928e-01
1.771555951883936109e+00,6.960521985630101494e-01
1.768735652561404637e+00,6.911472638531698243e-01
1.765987916982384442e+00,6.862013097441947984e-01
1.763552298474634128e+00,6.816675411431293297e-01
1.761178131534508973e+00,6.771012779370751966e-01
1.758941080645330279e+00,6.726563442903390477e-01
1.756761527673003975e+00,6.681829414672836309e-01
1.754855461398648675e+00,6.641456814368774664e-01
1.752996626454133011e+00,6.600864555919574439e-01
1.751253256384582624e+00,6.561622107268230142e-01
1.749553372093134440e+00,6.522189415183109462e-01
1.747961785452678773e+00,6.484149516823349835e-01
1.746410000690219233e+00,6.445945582527521367e-01
1.745083724560859473e+00,6.412350433406868166e-01
1.743788455480161925e+00,6.378634538295223644e-01
1.742583015460140938e+00,6.346402307669777310e-01
1.741405337748767712e+00,6.314067661599953585e-01
1.740424817870908081e+00,6.286462712435144651e-01
1.739464674073266215e+00,6.258786277606399606e-01
1.738578883064017644e+00,6.232658465967577666e-01
1.737710768612550138e+00,6.206471441856338256e-01
1.736808638363341206e+00,6.178600669123176514e-01
1.735927077737420943e+00,6.150664194075833313e-01
1.735115463526818447e+00,6.124296694215833892e-01
1.734321685114081468e+00,6.097874972978025720e-01
1.733688413744570056e+00,6.076316153174999846e-01
1.733067072924796559e+00,6.054722687137955583e-01
1.732412120819783796e+00,6.031450899038454105e-01
1.731771477584221897e+00,6.008139333172050067e-01
1.731015179233333923e+00,5.979838418932029720e-01
1.730281504340531074e+00,5.951478027245440394e-01
1.729446269502247446e+00,5.918094669140507857e-01
1.728637717732176782e+00,5.884645728312588586e-01
1.727739622915452022e+00,5.846149197261573116e-01
1.726872293239023692e+00,5.807582256773549112e-01
1.725927489085755440e+00,5.763945773367948888e-01
1.725017551761397039e+00,5.720235351398297308e-01
1.724042253568460525e+00,5.671436081378511407e-01
1.723105940174637363e+00,5.622560646646848070e-01
1.722116418835602847e+00,5.568579721240938252e-01
1.721170013180101988e+00,5.514521711062597698e-01
1.720182585677171971e+00,5.455344220382609688e-01
1.719242414827304666e+00,5.396090062130757259e-01
1.718290351429252683e+00,5.332829013464790435e-01
1.717388797171068848e+00,5.269494361038913333e-01
1.716537810228756511e+00,5.206090178786892952e-01
1.715737464184997618e+00,5.142621777161051622e-01
1.714986963899973738e+00,5.079031493826715593e-01
1.714288380355968977e+00,5.015490280631410558e-01
1.713655505845102178e+00,4.953545810603316446e-01
1.713068266351829072e+00,4.891555558548725258e-01
1.712531654060415187e+00,4.830091828058812875e-01
1.712039428794218665e+00,4.768445104049779393e-01
1.711629829368346734e+00,4.712136450619868744e-01
1.711257208556828280e+00,4.655675873509884100e-01
1.710912621840037451e+00,4.597487046081889517e-01
1.710607329677702459e+00,4.539275813976719753e-01
1.710363062740397178e+00,4.486156017823446640e-01
1.710151411357444085e+00,4.433021908762948549e-01
1.709988137102472328e+00,4.384989595398552376e-01
1.709851408876719825e+00,4.336948801677871224e-01
1.709751645391231589e+00,4.294017093125451212e-01
1.709672974948661217e+00,4.251080885240786644e-01
1.709617687116347318e+00,4.209847015327928266e-01
1.709582658478721706e+00,4.168610904965663333e-01
1.709567287415100889e+00,4.129079389325077676e-01
1.709568911878036834e+00,4.089547562713202744e-01
1.709586728571962810e+00,4.051722150057146532e-01
1.709620807566996081e+00,4.013897840892909907e-01
1.709663332971208094e+00,3.981192919920277795e-01
1.709717911658399370e+00,3.948489760108701008e-01
1.709781067149116485e+00,3.917494663490805884e-01
1.709855645728211693e+00,3.886502106720635674e-01
1.709946379395426819e+00,3.853806992159304889e-01
1.710049162335645523e+00,3.821115465489277607e-01
1.710145176138248901e+00,3.793543132851150967e-01
1.710249658548569585e+00,3.765973875879689015e-01
1.710355622913512841e+00,3.740112841449634296e-01
1.710469530198286181e+00,3.714255190479467394e-01
1.710599412203358316e+00,3.686696745333923331e-01
1.710737758360367344e+00,3.659142428437082706e-01
1.710856638572813671e+00,3.636703908138758101e-01
1.710981032536711188e+00,3.614268394473310053e-01
1.711110939575766432e+00,3.591836009481648162e-01
1.711246358902681175e+00,3.569406889345623779e-01
1.711416860028171394e+00,3.541870425200933092e-01
1.711589053230391899e+00,3.514335016857508820e-01
1.711792192423404524e+00,3.481690229269192027e-01
1.711991321968093116e+00,3.449042980867372821e-01
1.712215815579810840e+00,3.411283439717435195e-01
1.712433352213760251e+00,3.373519882723760022e-01
1.712673740139082579e+00,3.330643112727929567e-01
1.712908862262450871e+00,3.287763518075391689e-01
1.713166109417379346e+00,3.239771088189379866e-01
1.713417463139012220e+00,3.191775669104414126e-01
1.713687425724487401e+00,3.138666441064210666e-01
1.713947606536604384e+00,3.085552503777330147e-01
1.714223883831667239e+00,3.027324290046635169e-01
1.714493012621743917e+00,2.969092951748772413e-01
1.714776038686216975e+00,2.905747501100379160e-01
1.715047401226081902e+00,2.842397217831957867e-01
1.715311390209308673e+00,2.778474929727311471e-01
1.715567534247513626e+00,2.714549455297470271e-01
1.715815833095435394e+00,2.650620859899711079e-01
1.716056286368599526e+00,2.586689239265936302e-01
1.716286931371973745e+00,2.522754085900577592e-01
1.716505805851947786e+00,2.458814773908589990e-01
1.716703727788695621e+00,2.398280254113315246e-01
1.716894220373110569e+00,2.337743159724118558e-01
1.717070410824810711e+00,2.279476242889010851e-01
1.717239449477857338e+00,2.221207094386561665e-01
1.717387127760693577e+00,2.168049922868530988e-01
1.717528280677326658e+00,2.114890785243425386e-01
1.717658589686328563e+00,2.063434878134225159e-01
1.717782581492137250e+00,2.011977357120031673e-01
1.717896356432708105e+00,1.962223475593427857e-01
1.718004022835500466e+00,1.912468189148406605e-01
1.718095137800020433e+00,1.867827660392714362e-01
1.718180771471603752e+00,1.823185932458373515e-01
1.718257861206969661e+00,1.780248738270412967e-01
1.718329678422243934e+00,1.737310601576639857e-01
1.718389453748479401e+00,1.699489015833088312e-01
1.718446907189831174e+00,1.661667007787217820e-01
1.718499552028113442e+00,1.625550539622217239e-01
1.718549979524304883e+00,1.589433742612921530e-01
1.718595912425548100e+00,1.555022617674591823e-01
1.718639732613754578e+00,1.520611207691011935e-01
1.718679372273642425e+00,1.487905584160190142e-01
1.718717003870039672e+00,1.455199715765497503e-01
1.718750769046198501e+00,1.424199741237302530e-01
1.718782630826412028e+00,1.393199559813012300e-01
1.718810940333858284e+00,1.363905372636608770e-01
1.718837451130285077e+00,1.334611014132237039e-01
1.718860723838714133e+00,1.307022742998930342e-01
1.718882302537598328e+00,1.279434333567690263e-01
1.718900957368217020e+00,1.253552097233175400e-01
1.718918022906329668e+00,1.227669753010605103e-01
1.718932478828393950e+00,1.203493660130227905e-01
1.718945450189484303e+00,1.179317487103465900e-01
1.718960268948575898e+00,1.150022289771518713e-01
1.718975088384250283e+00,1.120727110871225368e-01
1.718992497960699639e+00,1.086313338811229906e-01
1.719009908332195469e+00,1.051899613138476547e-01
1.719029908983198185e+00,1.012367741973557861e-01
1.719049910535509484e+00,9.728359473472096564e-02
1.719072502472920760e+00,9.281865196895763837e-02
1.719095095415712482e+00,8.835372029163639229e-02
1.719120278815980285e+00,8.337708309375635451e-02
1.719145463323406453e+00,7.840046086399862779e-02
1.719171553695512999e+00,7.291219114992893158e-02
1.719194276039547331e+00,6.742392564674903888e-02
1.719217276139501704e+00,6.142407847376325780e-02
1.719240277551514540e+00,5.542425538102006832e-02
1.719262842453298523e+00,4.902659113957608117e-02
1.719281482404636963e+00,4.262893541094299465e-02
1.719298160649030072e+00,3.623127266536302349e-02
1.719314840386424237e+00,2.983360710971823954e-02
1.719329558447641793e+00,2.343593608573351153e-02
1.719340351622155039e+00,1.703825481013586385e-02
1.719349183073946907e+00,1.064056652674010006e-02
1.719358016012945134e+00,4.242876750342230649e-03
1.719364704042479097e+00,-1.984317839002440638e-03
1.719367571552353979e+00,-8.211526025204012730e-03
1.719368450797995829e+00,-1.392719723666578299e-02
1.719369331364240860e+00,-1.964289243293405526e-02
1.719370186958426583e+00,-2.518805975211389769e-02
1.719371043857154779e+00,-3.073323403275931426e-02
1.719371822873169586e+00,-3.576676905484256486e-02
1.719372603069807992e+00,-4.080032034675784569e-02
1.719371865031965596e+00,-4.566330992157406621e-02
1.719368142237970076e+00,-5.052630250632383913e-02
1.719363476334405894e+00,-5.487757042624462345e-02
1.719358811423045807e+00,-5.922884868420863480e-02
1.719354330374965878e+00,-6.340953976685363702e-02
1.719349850307520855e+00,-6.759023331021496439e-02
1.719345553994200859e+00,-7.160033237925393645e-02
1.719341258622352653e+00,-7.561043350962581844e-02
1.719337512296209347e+00,-7.910871981929315511e-02
1.719333766784300499e+00,-8.260701071237745718e-02
1.719330204725400435e+00,-8.593468645707293130e-02
1.719326643448409575e+00,-8.926236300909623500e-02
1.719322295949024193e+00,-9.241941661691249754e-02
1.719316010051061605e+00,-9.557646752822691882e-02
1.719309147393706105e+00,-9.856289284174343801e-02
1.719302285428025101e+00,-1.015493184700607121e-01
1.719295816182097258e+00,-1.043651152453994868e-01
1.719289347598701667e+00,-1.071809121163518619e-01
1.719283271623838427e+00,-1.098260761469360275e-01
1.719277196271881136e+00,-1.124712400470078560e-01
1.719270753389378070e+00,-1.149457645593089106e-01
1.719262791024348092e+00,-1.174202842571714367e-01
1.719254670639382976e+00,-1.197241628293616439e-01
1.719246550995400691e+00,-1.220280213029310279e-01
1.719239033122362814e+00,-1.241612764016163939e-01
1.719231515698677937e+00,-1.262945107071175299e-01
1.719222194919017177e+00,-1.289396643456429126e-01
1.719212874769536770e+00,-1.315848176221277310e-01
1.719201751755184304e+00,-1.347418555071535351e-01
1.719190629502360901e+00,-1.378988904772384116e-01
1.719177704894748748e+00,-1.415677689717464438e-01
1.719164781180182233e+00,-1.452366417384326203e-01
1.719150055643547947e+00,-1.494173104486318515e-01
1.719135331132868760e+00,-1.535979702066984365e-01
1.719118805355746904e+00,-1.582903717866300242e-01
1.719102280738988187e+00,-1.629827607532387257e-01
1.719083955434379085e+00,-1.681868308590639682e-01
1.719065631426061946e+00,-1.733908842442992149e-01
1.719045507331479206e+00,-1.791065515130370878e-01
1.719025384670638701e+00,-1.848221975046711874e-01
1.719003462548112537e+00,-1.910493835451513855e-01
1.718981541998290563e+00,-1.972765433029076421e-01
1.718959022800100822e+00,-2.036741972739325168e-01
1.718936505141112070e+00,-2.100718438048859993e-01
1.718913988987334163e+00,-2.164694918755968589e-01
1.718891474332598701e+00,-2.228671426356864105e-01
1.718868961177640653e+00,-2.292647957959699223e-01
1.718846449524053188e+00,-2.356624509110769872e-01
1.718823939373282039e+00,-2.420601075889155240e-01
1.718801430726506929e+00,-2.484577655114701134e-01
1.718780123228549783e+00,-2.545144245410741468e-01
1.718758817085298096e+00,-2.605711024254321329e-01
1.718739311807324865e+00,-2.661162192697756890e-01
1.718719807749256479e+00,-2.716613581362131158e-01
1.718702104450448021e+00,-2.766948634496345094e-01
1.718684402271475342e+00,-2.817283852045725512e-01
1.718667301065146535e+00,-2.865913478256174596e-01
1.718650200987888788e+00,-2.914543146056471912e-01
1.718633701798470081e+00,-2.961467132521587997e-01
1.718617203700561591e+00,-3.008391155147371321e-01
1.718602505824810445e+00,-3.050197763324701827e-01
1.718587808895862157e+00,-3.092004462913169327e-01
1.718573712615889537e+00,-3.132105240023528858e-01
1.718559617271735229e+00,-3.172206038502710657e-01
1.718546122483704641e+00,-3.210600845013520388e-01
1.718532628593242295e+00,-3.248995668968780448e-01
1.718520934306665193e+00,-3.282272215864507903e-01
1.718509240786827208e+00,-3.315548798620148729e-01
1.718498147569637036e+00,-3.347119191032248420e-01
1.718487055093392835e+00,-3.378689588688701950e-01
1.718476562819842401e+00,-3.408553744736753099e-01
1.718466071248431648e+00,-3.438417903314243684e-01
1.718456179773889758e+00,-3.466575778685745957e-01
1.718446288962004465e+00,-3.494733654655323152e-01
1.718436998140385752e+00,-3.521185207844035880e-01
1.718427707941996063e+00,-3.547636759527790784e-01
1.718419017626541256e+00,-3.572381950929608418e-01
1.718410327894907219e+00,-3.597127138675749181e-01
1.718402945084618105e+00,-3.620165964137722625e-01
1.718396977078632260e+00,-3.643204827083733610e-01
1.718392106356464000e+00,-3.664537260237347160e-01
1.718387236144082841e+00,-3.685869685575969279e-01
1.718381197836239549e+00,-3.712321321830132081e-01
1.718375160157841197e+00,-3.738772954283088312e-01
1.718367954831490962e+00,-3.770343451222572528e-01
1.718360750262817538e+00,-3.801913918963310546e-01
1.718352378505299427e+00,-3.838602840366395208e-01
1.718344007633565873e+00,-3.875291704458851960e-01
1.718334470046697593e+00,-3.917098546396227676e-01
1.718324933474591587e+00,-3.958905298786937754e-01
1.718314230675858312e+00,-4.005829487795745658e-01
1.718303529021808718e+00,-4.052753550651392311e-01
1.718291661644468116e+00,-4.104794443288651284e-01
1.718279795542690058e+00,-4.156835168704842154e-01
1.718266764235793831e+00,-4.213992051335823108e-01
1.718253734336295135e+00,-4.271148721184842012e-01
1.718239539764682133e+00,-4.333420809892442049e-01
1.718225346733249115e+00,-4.395692635765655054e-01
1.718210766626316888e+00,-4.459669409854064015e-01
1.718196188049471163e+00,-4.523646109515626623e-01
1.718181610979875318e+00,-4.587622824535646515e-01
1.718167035412790034e+00,-4.651599566419892251e-01
1.718152461348593896e+00,-4.715576332280340122e-01
1.718137888788329404e+00,-4.779553117665737427e-01
1.718123706045621146e+00,-4.841824955890189908e-01
1.718109524742855942e+00,-4.904096902796953317e-01
1.718095991999972316e+00,-4.963527071434770122e-01
1.718082460618378216e+00,-5.022957389828134334e-01
1.718070095300830769e+00,-5.077271904951314863e-01
1.718057731207265570e+00,-5.131586626880541013e-01
1.718047371319736172e+00,-5.184195951869254859e-01
1.718040242189343259e+00,-5.236805388653660298e-01
1.718035265288833768e+00,-5.284298097256611149e-01
1.718030289502259667e+00,-5.331790942256026122e-01
1.718025493496438960e+00,-5.377578069187080034e-01
1.718020698563875737e+00,-5.423365230851899810e-01
1.718016440509492870e+00,-5.464034821283221266e-01
1.718012183398831105e+00,-5.504704493889459593e-01
1.718008105775475469e+00,-5.543668194006068362e-01
1.718004029066811711e+00,-5.582631912468900559e-01
1.718001275212596823e+00,-5.619889599638503430e-01
1.718000809156490449e+00,-5.657147312839186926e-01
1.718001456373380309e+00,-5.692698934908365649e-01
1.718002104437651223e+00,-5.728250569717824314e-01
1.718002722197246923e+00,-5.762096063420097947e-01
1.718003340753328168e+00,-5.795941567413361861e-01
1.718004915212668848e+00,-5.828080882020751918e-01
1.718008463047575818e+00,-5.860220190075217106e-01
1.718012757185135353e+00,-5.890653247899295675e-01
1.718017052047914994e+00,-5.921086310663877805e-01
1.718021106788253816e+00,-5.949813097057741196e-01
1.718025162204640965e+00,-5.978539885766580575e-01
1.718028977372567656e+00,-6.005560357005026439e-01
1.718032793176225814e+00,-6.032580828025337905e-01
1.718037145508577890e+00,-6.057894937047727524e-01
1.718043052247202107e+00,-6.083209012386879833e-01
1.718049285918723745e+00,-6.106816672691014469e-01
1.718055520150952864e+00,-6.130424328036473414e-01
1.718060460022350799e+00,-6.159151012044412621e-01
1.718060106869722103e+00,-6.187877727127130134e-01
1.718050336757017016e+00,-6.221722673576829399e-01
1.718028094833692121e+00,-6.255567002553958922e-01
1.717984544111376799e+00,-6.294527235219243844e-01
1.717919460631804673e+00,-6.333484426336453144e-01
1.717817414226874506e+00,-6.377551927638720475e-01
1.717682899394483043e+00,-6.421610664094833387e-01
1.717492020030450872e+00,-6.470768493164422708e-01
1.717255877526341790e+00,-6.519906598294508138e-01
1.716941909837957692e+00,-6.574125597294963042e-01
1.716571378202764286e+00,-6.628308778848396310e-01
1.716102291056832208e+00,-6.687547720264784834e-01
1.715567788052720033e+00,-6.746731025212447941e-01
1.714922047177898090e+00,-6.810374629743894959e-01
1.714206049535624166e+00,-6.873942595434348046e-01
1.713421823500534513e+00,-6.937430346153737881e-01
1.712571433751665539e+00,-7.000831265567067918e-01
1.711655151037643652e+00,-7.064128222239334232e-01
1.710671942996216721e+00,-7.127383029642037071e-01
1.709625588049966893e+00,-7.190480063280968448e-01
1.708517170686332021e+00,-7.253482056714742887e-01
1.707346922016109936e+00,-7.316373769751357559e-01
1.706114968472685955e+00,-7.379148058302629209e-01
1.704821432610128085e+00,-7.441798552077133477e-01
1.703466441084514837e+00,-7.504319053632999559e-01
1.702127412056630096e+00,-7.563383023301811781e-01
1.700734063660676032e+00,-7.622321109618086510e-01
1.699410424728314606e+00,-7.676165372028243006e-01
1.698040659417355824e+00,-7.729889525135329453e-01
1.696669185325008211e+00,-7.781878263548632768e-01
1.695257150538473256e+00,-7.833724203481291504e-01
1.693943358606714744e+00,-7.880542222675562813e-01
1.692595075334129673e+00,-7.927263156764690066e-01
1.691359162466651744e+00,-7.968982030145618234e-01
1.690095090349029716e+00,-8.010616667875888330e-01
1.688854798422541048e+00,-8.050540156347706366e-01
1.687590009969396343e+00,-8.090386776423281745e-01
1.686459665798352603e+00,-8.125290250953810522e-01
1.685310043203699371e+00,-8.160130769043730803e-01
1.684086827874235803e+00,-8.196524292360441999e-01
1.682843515451004635e+00,-8.232849609017783843e-01
1.681749516313591153e+00,-8.264276028951620390e-01
1.680640086839527481e+00,-8.295648341506698387e-01
1.679457584220542810e+00,-8.328571419765826711e-01
1.678258919127622262e+00,-8.361435968027406407e-01
1.677222720087659269e+00,-8.389444568608889208e-01
1.676174486668706054e+00,-8.417408366261839303e-01
1.675174815003790174e+00,-8.443731732863898332e-01
1.674163833777250421e+00,-8.470011863687464393e-01
1.673079616394293367e+00,-8.497838087462254997e-01
1.671983444406950126e+00,-8.525617418697730709e-01
1.671065976833960631e+00,-8.548598816032114689e-01
1.670140045131131235e+00,-8.571546230819201417e-01
1.669141230346551152e+00,-8.596039353477787914e-01
1.668133394694562677e+00,-8.620495487459591821e-01
1.667116551827871884e+00,-8.644914301977059123e-01
1.666090715479470408e+00,-8.669295467513550291e-01
1.664852978830279717e+00,-8.698337874322411567e-01
1.663599208516207906e+00,-8.727311378083240090e-01
1.662120513998204707e+00,-8.760886941701655495e-01
1.660617116244689440e+00,-8.794352595352049606e-01
1.658872490146886092e+00,-8.832342246724925738e-01
1.657092946300749103e+00,-8.870169565440421122e-01
1.655052726330751067e+00,-8.912421303427668917e-01
1.652965935949189946e+00,-8.954444957324898535e-01
1.650596050907348955e+00,-9.000768913640920799e-01
1.648166648723672134e+00,-9.046783370724981177e-01
1.645428978758207261e+00,-9.096946081857048005e-01
1.642617720942559645e+00,-9.146699866867573636e-01
1.639642879875341519e+00,-9.197476442744869640e-01
1.636584308218433925e+00,-9.247753015161694901e-01
1.633165070633174620e+00,-9.301805799372226957e-01
1.629646916187803996e+00,-9.355219831115397788e-01
1.626027917656512667e+00,-9.407953130030536348e-01
1.622306062145869143e+00,-9.459965762214936902e-01
1.618484270860447660e+00,-9.511250533129270712e-01
1.614565598136368241e+00,-9.561799211241520657e-01
1.610659845509018417e+00,-9.610279394460788938e-01
1.606665486482153238e+00,-9.658032460828326338e-01
1.602472147166071226e+00,-9.706329074240239718e-01
1.598190611875693001e+00,-9.753845469713520178e-01
1.593823675650823279e+00,-9.800579904065325199e-01
1.589374262912251590e+00,-9.846529782008484055e-01
1.584845084269558724e+00,-9.891695284025089352e-01
1.580238969527492099e+00,-9.936075869684264372e-01
1.575683257336609522e+00,-9.978511739972015793e-01
1.571057845831128841e+00,-1.002018697173169937e+00
1.566235513327284279e+00,-1.006220985922535061e+00
1.561344228648233301e+00,-1.010342783976091008e+00
1.556650712608874221e+00,-1.014169138471773479e+00
1.551896727528897291e+00,-1.017920116648965978e+00
1.547265171222626412e+00,-1.021458300443636835e+00
1.542579867300805319e+00,-1.024924997387645309e+00
1.538260375773367050e+00,-1.028025611989068944e+00
1.533899396328885167e+00,-1.031067608466570196e+00
1.529922786994370565e+00,-1.033765943724494818e+00
1.525913344195680477e+00,-1.036415240978402874e+00
1.522303333667880176e+00,-1.038740560326851137e+00
1.518667846821540435e+00,-1.041025830377522166e+00
1.514861266380701954e+00,-1.043358742878833123e+00
1.511027742120259143e+00,-1.045647076368629413e+00
1.507315871929342910e+00,-1.047805980221306665e+00
1.503580371060276200e+00,-1.049923720186475062e+00
1.500270668906778182e+00,-1.051754673059463574e+00
1.496943139123992905e+00,-1.053553012602842731e+00
1.493749460264854889e+00,-1.055239930338872867e+00
1.490540386601314271e+00,-1.056897348661024250e+00
1.487468926032677219e+00,-1.058449199924963668e+00
1.484384250916482406e+00,-1.059974575310355993e+00
1.481748047578747896e+00,-1.061252086050963550e+00
1.479102528327565613e+00,-1.062510116996428389e+00
1.476602824632863298e+00,-1.063677229876885066e+00
1.474095636944172005e+00,-1.064827272285463478e+00
1.471422604157419656e+00,-1.066030590807339307e+00
1.468743285009322053e+00,-1.067213054041251441e+00
1.466211646367005628e+00,-1.068309048855944354e+00
1.463672586737659209e+00,-1.069387944988892336e+00
1.461599249246345211e+00,-1.070253949993925646e+00
1.459521145449795609e+00,-1.071108482845084087e+00
1.457438343594590124e+00,-1.071951515217786088e+00
1.455350910161980593e+00,-1.072783020070837257e+00
1.452783206337080690e+00,-1.073792152550539836e+00
1.450211799842584304e+00,-1.074791814435486215e+00
1.447159661220945637e+00,-1.075967587735567221e+00
1.444104644841516238e+00,-1.077135857483385140e+00
1.440568248531202356e+00,-1.078478261895956969e+00
1.437028569913149090e+00,-1.079811972058429603e+00
1.433006266179439159e+00,-1.081316255775636836e+00
1.428980287419845840e+00,-1.082810650883143655e+00
1.424470467884725089e+00,-1.084472049036017349e+00
1.419956592877057000e+00,-1.086122360580578761e+00
1.414957691285263719e+00,-1.087936095508777568e+00
1.409954366138961523e+00,-1.089737542330960984e+00
1.404464858629649537e+00,-1.091698824030800763e+00
1.398970571913973560e+00,-1.093646612781186800e+00
1.392988977211455648e+00,-1.095750639388229031e+00
1.387002260058955549e+00,-1.097839965041360166e+00
1.380957358732564311e+00,-1.099935039759471378e+00
1.374908609968289230e+00,-1.102018979932858134e+00
1.368856031431496811e+00,-1.104091779486375602e+00
1.362799643669187821e+00,-1.106153431356754702e+00
1.356739467682935407e+00,-1.108203928370244729e+00
1.350675524467698674e+00,-1.110243263402725944e+00
1.344607834949848924e+00,-1.112271429399984690e+00
1.338536419992678583e+00,-1.114288419374793726e+00
1.332461300410501925e+00,-1.116294226401285394e+00
1.326382496981500569e+00,-1.118288843609964500e+00
1.320624230059241455e+00,-1.120166545907619549e+00
1.314862497352877080e+00,-1.122033646380462990e+00
1.309313742988059692e+00,-1.123820445717310657e+00
1.303761696961748262e+00,-1.125597026373191589e+00
1.298368895907918708e+00,-1.127311708214874475e+00
1.292972939236477048e+00,-1.129016456988630734e+00
1.288061988790879742e+00,-1.130558034897224839e+00
1.283148190766580488e+00,-1.132090569217795828e+00
1.278720753989754266e+00,-1.133463960916220037e+00
1.274291621626067128e+00,-1.134831917147057778e+00
1.270349956776130496e+00,-1.136044015373023575e+00
1.266406797944569673e+00,-1.137251273088397907e+00
1.262625341445806848e+00,-1.138403944429558168e+00
1.258842470298910943e+00,-1.139551970146277515e+00
1.255221502601358896e+00,-1.140646005387710105e+00
1.251599192351708911e+00,-1.141735591970209907e+00
1.248138982814325004e+00,-1.142771785138928520e+00
1.244677501751521032e+00,-1.143803726994876868e+00
1.241378316378734858e+00,-1.144782873321484429e+00
1.238077929789248799e+00,-1.145757966001974326e+00
1.234940031689014672e+00,-1.146680861796632200e+00
1.231801001559205355e+00,-1.147599902070232547e+00
1.228824650809404062e+00,-1.148467344804612100e+00
1.225847236254447248e+00,-1.149331130496553888e+00
1.223360776625228796e+00,-1.150050000483524348e+00
1.220873875893179861e+00,-1.150767342418081096e+00
1.218550517608061101e+00,-1.151435964662431033e+00
1.216226749431857046e+00,-1.152103158948483808e+00
1.213738531080789107e+00,-1.152815915019824944e+00
1.211249875493830563e+00,-1.153527141925241306e+00
1.208924881813640440e+00,-1.154190051202108158e+00
1.206599481587258715e+00,-1.154851531564633937e+00
1.203781710583370801e+00,-1.155653070406228888e+00
1.200964433557315525e+00,-1.156456338983835819e+00
1.197655488184986128e+00,-1.157401990526299995e+00
1.194347128085503584e+00,-1.158349672432548161e+00
1.190547404529278319e+00,-1.159440630502458491e+00
1.186748358482731636e+00,-1.160533919141048864e+00
1.182458261506492248e+00,-1.161771374628561615e+00
1.178168935377400972e+00,-1.163011460422475718e+00
1.173388878508387689e+00,-1.164396601176772128e+00
1.168609686930904168e+00,-1.165784671485571300e+00
1.163340569034652328e+00,-1.167320298093611264e+00
1.158073358290933275e+00,-1.168862386668851672e+00
1.152316730787776633e+00,-1.170553519146525279e+00
1.146561165835248808e+00,-1.172248179151820890e+00
1.140425632001092815e+00,-1.174060856566307098e+00
1.134292347555662994e+00,-1.175881056503449651e+00
1.128160737404668046e+00,-1.177706903105352643e+00
1.122030246684350807e+00,-1.179536514528072511e+00
1.115900877732193930e+00,-1.181369890057428540e+00
1.109772633394186636e+00,-1.183207028843422215e+00
1.103645516661235337e+00,-1.185047929982956605e+00
1.097519531464174358e+00,-1.186892592254738421e+00
1.091395184419176267e+00,-1.188742913497802256e+00
1.085273228773724785e+00,-1.190600714540856142e+00
1.079152930811408284e+00,-1.192464166269582959e+00
1.073033775332462803e+00,-1.194331375822413221e+00
1.067241860767307093e+00,-1.196102618328023892e+00
1.061451016947609682e+00,-1.197877422161532923e+00
1.056150280064217739e+00,-1.199505577036626081e+00
1.050850523135599346e+00,-1.201136993074106707e+00
1.045714727151532797e+00,-1.202721390597453199e+00
1.040579899361065541e+00,-1.204308943462549131e+00
1.035934786300401367e+00,-1.205748215419618408e+00
1.031290544151312938e+00,-1.207190344187245801e+00
1.026810052073884760e+00,-1.208584642959733113e+00
1.022330413653667280e+00,-1.209981694350757087e+00
1.018014443371809241e+00,-1.211330612201234169e+00
1.013699299378658436e+00,-1.212682181562896755e+00
1.009547738920880455e+00,-1.213985314614102862e+00
1.005396976860924774e+00,-1.215290998193303107e+00
1.001735119583477385e+00,-1.216445361674959313e+00
9.980739654876342737e-01,-1.217601976062771874e+00
9.945761704943447690e-01,-1.218709345977776914e+00
9.910790548953568591e-01,-1.219818864406441827e+00
9.877452119980111300e-01,-1.220878835952918351e+00
9.844120196890616681e-01,-1.221940855188167641e+00
9.812420118873703689e-01,-1.222953025682115502e+00
9.780726254893898908e-01,-1.223967143152405734e+00
9.750663347110974932e-01,-1.224931110226929354e+00
9.720606359237762284e-01,-1.225896923629498758e+00
9.692179431788402466e-01,-1.226812285186598572e+00
9.663758127713856227e-01,-1.227729392491304639e+00
9.640213125742179701e-01,-1.228490746600235717e+00
9.616672809638058261e-01,-1.229253546248600726e+00
9.594757997340577216e-01,-1.229964416986165876e+00
9.572843192338308382e-01,-1.230675287975930399e+00
9.552553576610474106e-01,-1.231334130032883944e+00
9.532268018447094260e-01,-1.231994217729166063e+00
9.507112012004851342e-01,-1.232811934469974169e+00
9.481945978502247518e-01,-1.233626560601578381e+00
9.451889256038172871e-01,-1.234592365413622828e+00
9.421803028044458683e-01,-1.235548934989792347e+00
9.386795354945988157e-01,-1.236646609668522023e+00
9.351734204385083737e-01,-1.237727070316918310e+00
9.311711803435206436e-01,-1.238934898134512075e+00
9.271608826689200500e-01,-1.240115661069763675e+00
9.226498071497976072e-01,-1.241406327906395157e+00
9.181279668915723891e-01,-1.242658128568707721e+00
9.130991005934476767e-01,-1.244000537118006955e+00
9.080591273860016965e-01,-1.245293002556339124e+00
9.025094130018420646e-01,-1.246658249501889637e+00
8.969465268243719258e-01,-1.247968934331317836e+00
8.908720297142795896e-01,-1.249337336612401428e+00
8.847844014563795989e-01,-1.250646018720426245e+00
8.785171908309573618e-01,-1.251929052866131320e+00
8.722376842723241763e-01,-1.253150484730485070e+00
8.659464791504489778e-01,-1.254310198064981563e+00
8.596441820379852050e-01,-1.255408080806678317e+00
8.534998867172488568e-01,-1.256418312277888027e+00
8.473465373416662061e-01,-1.257371936576549443e+00
8.410159586825994849e-01,-1.258293429840393163e+00
8.346771734714751867e-01,-1.259156604340128327e+00
8.283307104249747477e-01,-1.259961388248083569e+00
8.219771061127054690e-01,-1.260707713495480053e+00
8.161255524531738637e-01,-1.261342322781467074e+00
8.102687357085562869e-01,-1.261926625322376427e+00
8.049166639759788300e-01,-1.262415812008115257e+00
7.995608404763228094e-01,-1.262862269739166488e+00
7.943717632932015826e-01,-1.263254752851964868e+00
7.891799329310946742e-01,-1.263608994645003980e+00
7.844964062849307807e-01,-1.263895345246605517e+00
7.798110419870772914e-01,-1.264150054901000075e+00
7.756352439111601216e-01,-1.264350067443777759e+00
7.714582901086097788e-01,-1.264524432050909475e+00
7.671098737925545752e-01,-1.264679209849477237e+00
7.627605961494335896e-01,-1.264807280676091050e+00
7.589222475809503932e-01,-1.264897896442968017e+00
7.550834519485684071e-01,-1.264967294198504177e+00
7.510737505760566313e-01,-1.265017612639931066e+00
7.470638373887295014e-01,-1.265045767077456862e+00
7.435656154901744141e-01,-1.265052065653573088e+00
7.400674014921074795e-01,-1.265041174752219888e+00
7.370810938099012777e-01,-1.265018119684995002e+00
7.340949126028754046e-01,-1.264982224023877055e+00
7.309383172969756703e-01,-1.264930704134075823e+00
7.277819754087591075e-01,-1.264865611910587662e+00
7.251376326007935580e-01,-1.264800514534554887e+00
7.224935485435436400e-01,-1.264725670862013374e+00
7.196792152310715895e-01,-1.264635625406455022e+00
7.168652343893581191e-01,-1.264535207509873027e+00
7.142221404406311480e-01,-1.264431132043098982e+00
7.115794485937863012e-01,-1.264317315293332689e+00
7.091076018212912890e-01,-1.264202488031946015e+00
7.066361202014460607e-01,-1.264080068596823203e+00
7.041650267943758701e-01,-1.263950058136413590e+00
7.016943448982659870e-01,-1.263812457878239037e+00
6.987129051303089255e-01,-1.263639980449572819e+00
6.957316813075035133e-01,-1.263463839874513717e+00
6.922395511697019277e-01,-1.263256436083377343e+00
6.887472975064844460e-01,-1.263051176545361365e+00
6.847438985759325414e-01,-1.262819573769778048e+00
6.807402236237809490e-01,-1.262592887773558825e+00
6.762252929071979057e-01,-1.262342816300480841e+00
6.717100695261354337e-01,-1.262098289459347544e+00
6.666835595680302706e-01,-1.261832262645097513e+00
6.616567418391828825e-01,-1.261572408024393077e+00
6.561186193588582904e-01,-1.261292938783811657e+00
6.505801774991156750e-01,-1.261020269082723022e+00
6.445304254492820739e-01,-1.260729869852706519e+00
6.384803459281287452e-01,-1.260446897244587916e+00
6.320891971994820890e-01,-1.260157798052041089e+00
6.256975443348071764e-01,-1.259880465941945138e+00
6.193054626504733706e-01,-1.259612939096720341e+00
6.129130546453844808e-01,-1.259353256881175831e+00
6.065203300242348883e-01,-1.259101419681777134e+00
6.001272988842762945e-01,-1.258857427907956295e+00
5.937339712996312358e-01,-1.258621281953746118e+00
5.873403572653934646e-01,-1.258392982195928766e+00
5.811168619982535199e-01,-1.258178404211824919e+00
5.748930975074812988e-01,-1.257971464113455173e+00
5.691803605717291603e-01,-1.257788534917415380e+00
5.634673794382827339e-01,-1.257612617463479410e+00
5.579246398271617835e-01,-1.257448752255226232e+00
5.523816962869706471e-01,-1.257291691016846347e+00
5.470090403329928019e-01,-1.257146055424580577e+00
5.416362037150271869e-01,-1.257007015366967462e+00
5.367747060607013232e-01,-1.256887180188570596e+00
5.319130501629116825e-01,-1.256773313635707767e+00
5.272217830104384273e-01,-1.256669200831030286e+00
5.225303877026042931e-01,-1.256570848161520093e+00
5.180094174510120331e-01,-1.256481621819339534e+00
5.134883377502655888e-01,-1.256397946750304806e+00
5.094788447764475592e-01,-1.256328665085582719e+00
5.054692617767138074e-01,-1.256264307130166680e+00
5.019713730095820559e-01,-1.256211384733513015e+00
4.984734479922057204e-01,-1.256160609849167109e+00
4.951460914427057713e-01,-1.256114354189264537e+00
4.918187065011530579e-01,-1.256070141447128474e+00
4.886619021750675529e-01,-1.256030133857081843e+00
4.855050734712961780e-01,-1.255992064526661789e+00
4.825188359608785782e-01,-1.255957886225061992e+00
4.795325777687052260e-01,-1.255925541506946796e+00
4.767169206665123338e-01,-1.255896773656678844e+00
4.739012463631635530e-01,-1.255869734697493856e+00
4.712561823482445122e-01,-1.255845958409296692e+00
4.686111043753931060e-01,-1.255823806304045220e+00
4.661366451660897137e-01,-1.255804602639058354e+00
4.636621749896925881e-01,-1.255786918433937194e+00
4.610170610609788389e-01,-1.255769638998837534e+00
4.583719373022339116e-01,-1.255753983775414584e+00
4.558974390869990900e-01,-1.255740857908553387e+00
4.534229335181560461e-01,-1.255729251521382039e+00
4.504365314554601984e-01,-1.255719829551609878e+00
4.474501181854710907e-01,-1.255717744463965557e+00
4.439519262634795127e-01,-1.255727118449733837e+00
4.404536904135786801e-01,-1.255751532918148783e+00
4.364440337541524717e-01,-1.255800450288577785e+00
4.324347422255218620e-01,-1.255873990106366689e+00
4.282556226128739763e-01,-1.255980172461564237e+00
4.240774824361084328e-01,-1.256119713463504706e+00
4.197304389933227409e-01,-1.256303657367716209e+00
4.153854097221389985e-01,-1.256530301301876706e+00
4.108729798128263333e-01,-1.256814327634433681e+00
4.063641660278825563e-01,-1.257150978290625165e+00
4.016902122801040975e-01,-1.257559178061143035e+00
3.970221924086835275e-01,-1.258030474730469361e+00
3.921922494920670466e-01,-1.258588626324750548e+00
3.873714339124721406e-01,-1.259220845338072214e+00
3.823930837430146723e-01,-1.259956295502985046e+00
3.774281002487910874e-01,-1.260777211742795556e+00
3.719760245737931403e-01,-1.261780412581299693e+00
3.665440277812934133e-01,-1.262887170589389152e+00
3.609691829761529358e-01,-1.264139348697209231e+00
3.554216638131985628e-01,-1.265507589010276712e+00
3.494119693259042370e-01,-1.267129492547069969e+00
3.434406488005634084e-01,-1.268887421175276975e+00
3.373498948443677259e-01,-1.270835942827892806e+00
3.313074908362816373e-01,-1.272929660075436731e+00
3.253160624773600018e-01,-1.275165593834469480e+00
3.193783781292512391e-01,-1.277540623905597306e+00
3.134958613723723420e-01,-1.280049965735225559e+00
3.076702090304992976e-01,-1.282688639643448480e+00
3.019033519897181272e-01,-1.285453620532905683e+00
2.961972177464087808e-01,-1.288341811866615672e+00
2.905533948421252788e-01,-1.291350215085688591e+00
2.849735756410966547e-01,-1.294475708922449897e+00
2.794590914473971122e-01,-1.297715302653574598e+00
2.740113791483410055e-01,-1.301065880348146964e+00
2.686315486250410167e-01,-1.304524459348524568e+00
2.633209132830761634e-01,-1.308087866175407621e+00
2.580828443316754983e-01,-1.311753837480536644e+00
2.529096173426275684e-01,-1.315527781262584961e+00
2.478184467743507202e-01,-1.319394715088482384e+00
2.428000374078189694e-01,-1.323359239415852873e+00
2.379881437267469257e-01,-1.327309128341458866e+00
2.332497096270911285e-01,-1.331347011162639538e+00
2.286276118093142906e-01,-1.335432493984273217e+00
2.240789437512232252e-01,-1.339599607421890326e+00
2.197961329489889759e-01,-1.343663216654609638e+00
2.155837763026814680e-01,-1.347799842165106732e+00
2.117993557530108428e-01,-1.351641485897652428e+00
2.080767222516997916e-01,-1.355543053651467877e+00
2.047605760068570979e-01,-1.359124952122385599e+00
2.014953375633920518e-01,-1.362753328130035468e+00
1.983928167217061667e-01,-1.366298178734302704e+00
1.953384691086306191e-01,-1.369884609077154813e+00
1.924405566529956424e-01,-1.373379797274567160e+00
1.895879591279057697e-01,-1.376912057626520358e+00
1.870954705190917833e-01,-1.380077160417648052e+00
1.846400832273493164e-01,-1.383271129741808991e+00
1.823235410089644182e-01,-1.386356409999618400e+00
1.800412507886291202e-01,-1.389467104381433726e+00
1.778919347472335821e-01,-1.392463557237354488e+00
1.757740245016028158e-01,-1.395482282855795786e+00
1.737833551311693814e-01,-1.398381704306971507e+00
1.718212771202582978e-01,-1.401300544334434628e+00
1.701677505066935825e-01,-1.403810005821725104e+00
1.685358670945192872e-01,-1.406333590855846305e+00
1.670164146287876350e-01,-1.408726598714708844e+00
1.655161225327525243e-01,-1.411131659845998865e+00
1.641235252753268370e-01,-1.413402728444978607e+00
1.627477091439430978e-01,-1.415683997164748131e+00
1.614751211125412256e-01,-1.417828208720933070e+00
1.602170531551985189e-01,-1.419980967542793238e+00
1.588891862335424787e-01,-1.422290463138635275e+00
1.575783807299986627e-01,-1.424609682310839620e+00
1.563668879884838880e-01,-1.426788985109328944e+00
1.551701499249896476e-01,-1.428976423209654012e+00
1.537431160821312315e-01,-1.431621345042122684e+00
1.523290989493804315e-01,-1.434273244173836170e+00
1.506866411672399819e-01,-1.437383416267714820e+00
1.490537457571630975e-01,-1.440498612755371832e+00
1.473486603725510935e-01,-1.443768608852188606e+00
1.456475943155095820e-01,-1.447040695846224745e+00
1.438688868810072408e-01,-1.450464700434265231e+00
1.420880778005992884e-01,-1.453887611922760392e+00
1.402230570919849595e-01,-1.457458986220859121e+00
1.383492691503313832e-01,-1.461025769341816716e+00
1.362239355214345804e-01,-1.465038399277754699e+00
1.340813775672596020e-01,-1.469041850908777702e+00
1.318367238845832290e-01,-1.473183961755866411e+00
1.295666780008722374e-01,-1.477312215027873465e+00
1.270178984769532171e-01,-1.481870835410835419e+00
1.244328222653179050e-01,-1.486408960295918957e+00
1.215503746704705706e-01,-1.491366002478530683e+00
1.186193912864629968e-01,-1.496294478924388827e+00
1.153712089974241045e-01,-1.501628834004360202e+00
1.120643649214276838e-01,-1.506926861258033989e+00
1.086219412742534945e-01,-1.512312250967326577e+00
1.051169856712393103e-01,-1.517671454218969318e+00
1.015617209384207520e-01,-1.522989452194566606e+00
9.795429909647042355e-02,-1.528272430061581977e+00
9.429514640970859674e-02,-1.533519766946533691e+00
9.058463104706813984e-02,-1.538730935619766482e+00
8.682466948056323519e-02,-1.543906627411777421e+00
8.301721578214824038e-02,-1.549047490940866689e+00
7.916259417249138508e-02,-1.554153088650482628e+00
7.526113223530596363e-02,-1.559222986758643792e+00
7.141984038604831664e-02,-1.564123829747259053e+00
6.753657215883887566e-02,-1.568991492545175337e+00
6.350415908501000350e-02,-1.573957963571058771e+00
5.942922833387315196e-02,-1.578889595454677996e+00
5.531207534158461697e-02,-1.583786031095503422e+00
5.115300303187250014e-02,-1.588646910358703757e+00
4.706566980278490547e-02,-1.593344585291489812e+00
4.294097811631730766e-02,-1.598009504341578069e+00
3.866525101312941193e-02,-1.602768181442623119e+00
3.435170015241461455e-02,-1.607492584560184401e+00
3.000059426080193409e-02,-1.612182419749077278e+00
2.561220912997616214e-02,-1.616837389845150241e+00
2.154191313808662828e-02,-1.621089115133948377e+00
1.744039237237632323e-02,-1.625310760335895166e+00
1.366819820088487070e-02,-1.629138984306255145e+00
9.870224708264145608e-03,-1.632941658453468392e+00
5.925335599527936301e-03,-1.636838440156335173e+00
1.954228976368162229e-03,-1.640708485867023336e+00
-1.673069108379018118e-03,-1.644198164860708022e+00
-5.321735545649266402e-03,-1.647665516302513788e+00
-8.617619182019631979e-03,-1.650761228326876440e+00
-1.193056863413119104e-02,-1.653838684149078864e+00
-1.488279646972147027e-02,-1.656552489407917994e+00
-1.784832625474603099e-02,-1.659251760537013842e+00
-2.095379999036956972e-02,-1.662050636072529564e+00
-2.407298273070106881e-02,-1.664834216293154423e+00
-2.682155216000113584e-02,-1.667264408220036298e+00
-2.958054773250350447e-02,-1.669682763249779489e+00
-3.222113579054641797e-02,-1.671977329373409038e+00
-3.487156485460970318e-02,-1.674260521017429948e+00
-3.714196412399935199e-02,-1.676200601451711902e+00
-3.941949876230518846e-02,-1.678132301178754782e+00
-4.183466425667979605e-02,-1.680165475953437237e+00
-4.425730495306622048e-02,-1.682189734106221746e+00
-4.655605500310807526e-02,-1.684096131187085454e+00
-4.886181555075171101e-02,-1.685994042866280518e+00
-5.077765946481247600e-02,-1.687560178995113347e+00
-5.269830392129092045e-02,-1.689120422237063712e+00
-5.475650211176052995e-02,-1.690781939945089407e+00
-5.681979338416286857e-02,-1.692437127322852231e+00
-5.875473181598633160e-02,-1.693979604980971221e+00
-6.069439849107558654e-02,-1.695516131603814536e+00
-6.250425988622643203e-02,-1.696941706339938571e+00
-6.431761838196978220e-02,-1.698362828687953741e+00
-6.653656911557007114e-02,-1.700096317387221445e+00
-6.875658380957186400e-02,-1.701828441725251384e+00
-7.137953462358723189e-02,-1.703876244647365423e+00
-7.399996628397793874e-02,-1.705927266081851856e+00
-7.701833257156508183e-02,-1.708300232338706870e+00
-8.002939518312583711e-02,-1.710682453172290618e+00
-8.343096645945627388e-02,-1.713395773535983713e+00
-8.681916356281386971e-02,-1.716125768124843409e+00
-9.058789290600158250e-02,-1.719198798954966412e+00
-9.433577670785445179e-02,-1.722297209055469791e+00
-9.845149501336994402e-02,-1.725753223808625725e+00
-1.025373527496794279e-01,-1.729244478752256731e+00
-1.069766493087717096e-01,-1.733109021301776576e+00
-1.113777705076940960e-01,-1.737016967394042988e+00
-1.161194157312636643e-01,-1.741311291429920471e+00
-1.208186505679522682e-01,-1.745651953966835368e+00
-1.254750348107629976e-01,-1.750038548499670554e+00
-1.300881249137638418e-01,-1.754470658117364801e+00
-1.346588916366988631e-01,-1.758946495248296937e+00
-1.391882629308967279e-01,-1.763464223010164922e+00
-1.436758530665697975e-01,-1.768023456881204325e+00
-1.481212795089255907e-01,-1.772623808464172779e+00
-1.525256247185764469e-01,-1.777263574500089094e+00
-1.568899301991196205e-01,-1.781941002471792768e+00
-1.612138527251356646e-01,-1.786655725496881564e+00
-1.654969816785076542e-01,-1.791407299367118844e+00
-1.697248131173902941e-01,-1.796179974899226650e+00
-1.739403003125735425e-01,-1.801021870308193273e+00
-1.779901858229171185e-01,-1.805751487635722352e+00
-1.820023309969691638e-01,-1.810513429454749579e+00
-1.859401114770829200e-01,-1.815263519910204737e+00
-1.898398772276665147e-01,-1.820044896479109164e+00
-1.935368226366326883e-01,-1.824649284043318831e+00
-1.971997624183013109e-01,-1.829280792959661284e+00
-2.007198220965678293e-01,-1.833799661707886441e+00
-2.042065034397077261e-01,-1.838344345030232585e+00
-2.073525053166254961e-01,-1.842505477091395338e+00
-2.104703433516251498e-01,-1.846687774990385389e+00
-2.132580124568736746e-01,-1.850477932003939063e+00
-2.160223624539907294e-01,-1.854285144522339834e+00
-2.186650595252420393e-01,-1.857969831412229045e+00
-2.212873526016151393e-01,-1.861669068470742205e+00
-2.237912834563464126e-01,-1.865243037770195844e+00
-2.262754235578760542e-01,-1.868830792387210282e+00
-2.284516859752884488e-01,-1.872009214131212795e+00
-2.306123083565689291e-01,-1.875198294619532913e+00
-2.328522261376628766e-01,-1.878539652694166007e+00
-2.350756972207689866e-01,-1.881891971509883410e+00
-2.370027868411405669e-01,-1.884826696065349472e+00
-2.389172425988823623e-01,-1.887769681997031102e+00
-2.405425464976527206e-01,-1.890290129818392728e+00
-2.421585500424351389e-01,-1.892816551222692212e+00
-2.438566384430850553e-01,-1.895492982468984566e+00
-2.455448497538307850e-01,-1.898175651803720942e+00
-2.471328187027557188e-01,-1.900719782848475203e+00
-2.487113999421328991e-01,-1.903269749035910063e+00
-2.500133932454692287e-01,-1.905388892647090771e+00
-2.513088705028734826e-01,-1.907512024266769801e+00
-2.526862496457256690e-01,-1.909785056457767860e+00
-2.540566399476517634e-01,-1.912062307753591428e+00
-2.553324972467537202e-01,-1.914197284841420155e+00
-2.566017904012451445e-01,-1.916336170212212808e+00
-2.578645075566889378e-01,-1.918478943890862931e+00
-2.591206367970536606e-01,-1.920625585649440970e+00
-2.606249366478429197e-01,-1.923220043587570149e+00
-2.621164690042997458e-01,-1.925821860722193302e+00
-2.638447289092127335e-01,-1.928877812339730546e+00
-2.655523025064472353e-01,-1.931945367542657888e+00
-2.674817114252244221e-01,-1.935474924368108862e+00
-2.693807006967116613e-01,-1.939020931639539480e+00
-2.714830563093866278e-01,-1.943038096116928237e+00
-2.735433425560417908e-01,-1.947076938578920169e+00
-2.757846837443311827e-01,-1.951596795701881382e+00
-2.779720657507980808e-01,-1.956147492086633743e+00
-2.801685434129752572e-01,-1.960876011727270551e+00
-2.822988493889950767e-01,-1.965636795219643629e+00
-2.844245850648694507e-01,-1.970585680877545709e+00
-2.864710822883212438e-01,-1.975567897928013350e+00
-2.886194238455561667e-01,-1.981060039623240288e+00
-2.906696633498107585e-01,-1.986589520032090661e+00
-2.927843230778711114e-01,-1.992625806989396731e+00
-2.947874974139974569e-01,-1.998699989642962471e+00
-2.966299773830832209e-01,-2.004646752051752134e+00
-2.983663400660906406e-01,-2.010625388791512869e+00
-3.000406513045315582e-01,-2.016798497422494840e+00
-3.016048408888835075e-01,-2.023000423199177167e+00
-3.030215604773484062e-01,-2.029062889211622700e+00
-3.043339000101495384e-01,-2.035148817875678251e+00
-3.054457467662472503e-01,-2.040754218381959362e+00
-3.064680004879680175e-01,-2.046376673478806474e+00
-3.074282131895741954e-01,-2.052182923253853541e+00
-3.082956442902748395e-01,-2.058003744047114836e+00
-3.090060538861651995e-01,-2.063330364548426665e+00
-3.096379105303245782e-01,-2.068666889020973620e+00
-3.101428846639672221e-01,-2.073503029283495724e+00
-3.105854618820853563e-01,-2.078345284539846460e+00
-3.109282386218971683e-01,-2.082682646171649665e+00
-3.112203866927514273e-01,-2.087023712590570845e+00
-3.114536820766919401e-01,-2.091197552964185746e+00
-3.116408262372186710e-01,-2.095373710286069890e+00
-3.117667914959345588e-01,-2.099040219020189557e+00
-3.118567208406167190e-01,-2.102707786495284115e+00
-3.119119325946569932e-01,-2.106546607501192714e+00
-3.119270623869814796e-01,-2.110385786594374924e+00
-3.119043431150902990e-01,-2.114054365657198176e+00
-3.118455749534650989e-01,-2.117722541889404564e+00
-3.117562448799177099e-01,-2.121219482355724661e+00
-3.116347017458664936e-01,-2.124715449110555987e+00
-3.115052803222257416e-01,-2.127698949257084582e+00
-3.113520389674003797e-01,-2.130681318769012123e+00
-3.111859649454598586e-01,-2.133492118398000681e+00
-3.109991764515658286e-01,-2.136301613651249820e+00
-3.108050658992176918e-01,-2.138939569026816478e+00
-3.105931347879941073e-01,-2.141576149250151495e+00
-3.103782126778905082e-01,-2.144041252705193745e+00
-3.101466382375002717e-01,-2.146504844951181656e+00
-3.098813063285053571e-01,-2.149136579856261609e+00
-3.095981975050821622e-01,-2.151766459796306652e+00
-3.092973246707301227e-01,-2.154394365347401585e+00
-3.089787015389159897e-01,-2.157020176943090117e+00
-3.086232124089341444e-01,-2.159813393720380503e+00
-3.082540010021275201e-01,-2.162604828090810560e+00
-3.078966913002877392e-01,-2.165225729466876636e+00
-3.075313329486342173e-01,-2.167845520355090372e+00
-3.071842728189803085e-01,-2.170295582901960785e+00
-3.068342023026990328e-01,-2.172745217160485964e+00
-3.064591871738809870e-01,-2.175363655306253641e+00
-3.060857797564509042e-01,-2.177982324782461898e+00
-3.056925676227914002e-01,-2.180770509475642438e+00
-3.053062062227464013e-01,-2.183559655778041897e+00
-3.049064325206752857e-01,-2.186519149700180353e+00
-3.045193865548986301e-01,-2.189480337330683479e+00
-3.041265824446822141e-01,-2.192612748209665785e+00
-3.037530246204026563e-01,-2.195747516113706332e+00
-3.033826343207325360e-01,-2.199054324610729694e+00
-3.030386579980279826e-01,-2.202363990006950711e+00
-3.026758065664789665e-01,-2.206185992605677715e+00
-3.023505269583806609e-01,-2.210011377172623082e+00
-3.020285100403352074e-01,-2.214350225333131306e+00
-3.017571350488322257e-01,-2.218692536385214797e+00
-3.015149625525855859e-01,-2.223548758739610332e+00
-3.013384044501138392e-01,-2.228407811024488261e+00
-3.012282391732659104e-01,-2.233439176063348075e+00
-3.011953062405752224e-01,-2.238471656321169512e+00
-3.012458125429901545e-01,-2.244015472000176814e+00
-3.013847875586695424e-01,-2.249557772977036851e+00
-3.016331683532822439e-01,-2.255608187513460372e+00
-3.019780625424587361e-01,-2.261653857664672529e+00
-3.024461730841418450e-01,-2.268033031286063927e+00
-3.030199128005470754e-01,-2.274403571078508879e+00
-3.036791406733640453e-01,-2.280594565334812973e+00
-3.044370705300771252e-01,-2.286774273960182402e+00
-3.052838327070458435e-01,-2.292885192141450368e+00
-3.062242546815237554e-01,-2.298982405364296877e+00
-3.072119083433496600e-01,-2.304803437460464455e+00
-3.082852032583418556e-01,-2.310609300257822962e+00
-3.093403166727043407e-01,-2.315897984602673265e+00
-3.104667611450523390e-01,-2.321171948612051228e+00
-3.115478371754311637e-01,-2.325932202227028789e+00
-3.126872852968502481e-01,-2.330678824690935347e+00
-3.138417018022356397e-01,-2.335246166661528733e+00
-3.150493202956070049e-01,-2.339799722858212139e+00
-3.161705939398237186e-01,-2.343846635442866866e+00
-3.173340530223742739e-01,-2.347881620180385376e+00
-3.184894289559186409e-01,-2.351741228770592329e+00
-3.196826701745430488e-01,-2.355589291707422817e+00
-3.208604238291221655e-01,-2.359263408432455744e+00
-3.220719712330840090e-01,-2.362926514206916906e+00
-3.232621520981043273e-01,-2.366416835557261233e+00
-3.244844346605804675e-01,-2.369896041135987730e+00
-3.256796861168126389e-01,-2.373203807952281252e+00
-3.269033333516114803e-01,-2.376501171745052154e+00
-3.279713899564214441e-01,-2.379310294365162726e+00
-3.290601213908768141e-01,-2.382111464817789681e+00
-3.301056819584585189e-01,-2.384746289124953122e+00
-3.311690184468942810e-01,-2.387373980252463834e+00
-3.321850171548413888e-01,-2.389836704252180422e+00
-3.332176285190340259e-01,-2.392292496266970492e+00
-3.343339983872484211e-01,-2.394898070709734483e+00
-3.354679458663807345e-01,-2.397496036471535863e+00
-3.364101968021873668e-01,-2.399619140772915049e+00
-3.373641679602992216e-01,-2.401736994843689299e+00
-3.382582928964359970e-01,-2.403694624741105734e+00
-3.391620183123286725e-01,-2.405647815605201689e+00
-3.402903243804822897e-01,-2.408061054911622367e+00
-3.414264052711869502e-01,-2.410471585335790756e+00
-3.427864140860718556e-01,-2.413341221230738132e+00
-3.441500971031430933e-01,-2.416209508073655865e+00
-3.457345886757706155e-01,-2.419539591823216984e+00
-3.473170388104494521e-01,-2.422870655566900844e+00
-3.491132669045944881e-01,-2.426666747138958247e+00
-3.509001643993656661e-01,-2.430467237016942228e+00
-3.528930096142243178e-01,-2.434736345044373973e+00
-3.548727356152275303e-01,-2.439011542822345557e+00
-3.570529128525508078e-01,-2.443757769227330012e+00
-3.592185048187323537e-01,-2.448510652022438894e+00
-3.615801961391484354e-01,-2.453736370760935426e+00
-3.639258297306271484e-01,-2.458969294773051484e+00
-3.664631949822903523e-01,-2.464676820170867977e+00
-3.689830236616182813e-01,-2.470392081376749260e+00
-3.715460161689047025e-01,-2.476253905033531932e+00
-3.740910075113738076e-01,-2.482123560134759988e+00
-3.766197847348143335e-01,-2.488000235948243155e+00
-3.791341275380767373e-01,-2.493883104557358177e+00
-3.816340205166254274e-01,-2.499772130046355123e+00
-3.841194482649517572e-01,-2.505667276281071221e+00
-3.865903954883884164e-01,-2.511568507029831920e+00
-3.890468467836324384e-01,-2.517475785357973450e+00
-3.914237092676312590e-01,-2.523231485878038693e+00
-3.937864293872023191e-01,-2.528992993298673664e+00
-3.960246435703552170e-01,-2.534488872592767894e+00
-3.982560389523494560e-01,-2.540006762436718191e+00
-4.003997799178016237e-01,-2.545345996721102733e+00
-4.025304153190298884e-01,-2.550690506535676860e+00
-4.044596329631937048e-01,-2.555564538761532223e+00
-4.063768820522654646e-01,-2.560443312856227838e+00
-4.080975245001137175e-01,-2.564849581737078665e+00
-4.098100516833680929e-01,-2.569259026399222101e+00
-4.114529929105326667e-01,-2.573512503702961141e+00
-4.130880961460184353e-01,-2.577769003864624597e+00
-4.146544789416799492e-01,-2.581869161540191637e+00
-4.162133060034023946e-01,-2.585972200796920362e+00
-4.177042805506718248e-01,-2.589918527992340902e+00
-4.191879825359831058e-01,-2.593867597934505831e+00
-4.204863560576712067e-01,-2.597339574893647640e+00
-4.217804652511923380e-01,-2.600813149886566311e+00
-4.230109401234461997e-01,-2.604128365185306659e+00
-4.242373414945158072e-01,-2.607445090792041675e+00
-4.254006922919651434e-01,-2.610603222709806825e+00
-4.265601623836067779e-01,-2.613762782309176469e+00
-4.276571670802705172e-01,-2.616763517653939886e+00
-4.287504844388035918e-01,-2.619765599103254683e+00
-4.297819222255891414e-01,-2.622608627222306144e+00
-4.308098663364751668e-01,-2.625452920791162992e+00
-4.317765175457495275e-01,-2.628137934249231922e+00
-4.327398690855353003e-01,-2.630824133423063316e+00
-4.336425155518201513e-01,-2.633350828549446465e+00
-4.345420568777507708e-01,-2.635878630562189517e+00
-4.353814816607807225e-01,-2.638246706204562919e+00
-4.362179962738196859e-01,-2.640615810993903523e+00
-4.370515995110255680e-01,-2.642985941550599627e+00
-4.378822900435606069e-01,-2.645357094148570010e+00
-4.388813516254126412e-01,-2.648211661907865277e+00
-4.398821652731743637e-01,-2.651065614052208641e+00
-4.410574779615372698e-01,-2.654400767006940054e+00
-4.422409790697097720e-01,-2.657733019679298092e+00
-4.436086354292083644e-01,-2.661542925919078151e+00
-4.449926552598496010e-01,-2.665346913814300223e+00
-4.464556491752448286e-01,-2.669303561490209642e+00
-4.479429136950568990e-01,-2.673251154339471913e+00
-4.493967193819923267e-01,-2.677028859171510788e+00
-4.508806416351334168e-01,-2.680794849338316244e+00
-4.524619416860469756e-01,-2.684705515406424325e+00
-4.540815908019563141e-01,-2.688600463226390236e+00
-4.558101257660783223e-01,-2.692634434412307876e+00
-4.575856095627913178e-01,-2.696647973146579336e+00
-4.594823587353821792e-01,-2.700793785420930959e+00
-4.614349407554639848e-01,-2.704913608134307257e+00
-4.635219286481446210e-01,-2.709157687586847718e+00
-4.656738184454687346e-01,-2.713369245542589070e+00
-4.679738807382030630e-01,-2.717695598641919119e+00
-4.703479785125309065e-01,-2.721981788583894168e+00
-4.730550546191780725e-01,-2.726666906809365187e+00
-4.758507781052486729e-01,-2.731299645619610583e+00
-4.788291691025469143e-01,-2.736019602726098121e+00
-4.819054012229687656e-01,-2.740676370655928729e+00
-4.853717594688856662e-01,-2.745686293997766647e+00
-4.889479499460688272e-01,-2.750618419125792080e+00
-4.928154562464933108e-01,-2.755711648673011549e+00
-4.967945336798242906e-01,-2.760718213936837806e+00
-5.008818389840173912e-01,-2.765637052905299154e+00
-5.050738531646941087e-01,-2.770466991561487013e+00
-5.093672845877085242e-01,-2.775207222916854288e+00
-5.137586814939838487e-01,-2.779856851914021654e+00
-5.181252908880691344e-01,-2.784293856378142973e+00
-5.225808622518602897e-01,-2.788641526587913422e+00
-5.272479310362633287e-01,-2.793014612884451520e+00
-5.320025880733645351e-01,-2.797292287134395039e+00
-5.367127578099847307e-01,-2.801362926966147970e+00
-5.415019523218096431e-01,-2.805340282904408067e+00
-5.459655962996355916e-01,-2.808908229697079317e+00
-5.504920402495580012e-01,-2.812396156242959133e+00
-5.546674703299978582e-01,-2.815500703429689278e+00
-5.588937715437557463e-01,-2.818535605598359250e+00
-5.627471126551171210e-01,-2.821212256229687299e+00
-5.666394570149272392e-01,-2.823831818929247728e+00
-5.704263792881479889e-01,-2.826301795727498067e+00
-5.742477645640494677e-01,-2.828718019456380794e+00
-5.779567763000330594e-01,-2.830992077084894643e+00
-5.816960638122675720e-01,-2.833215762402137017e+00
-5.853164701891356847e-01,-2.835304557205996723e+00
-5.889620052456832067e-01,-2.837345684519230193e+00
-5.924924131831842411e-01,-2.839264293193378919e+00
-5.960356091213840912e-01,-2.841133783444664385e+00
-5.994517656223998792e-01,-2.842884323674739644e+00
-6.028884208467782946e-01,-2.844595045390608146e+00
-6.058832917927933215e-01,-2.846044768153774829e+00
-6.088931838162239263e-01,-2.847463165773645333e+00
-6.114514735642524457e-01,-2.848639115493960094e+00
-6.140197955391268891e-01,-2.849793028261158323e+00
-6.167545299963231864e-01,-2.850992549818409660e+00
-6.195002011527533936e-01,-2.852166824282356572e+00
-6.220987775878181747e-01,-2.853250913922322329e+00
-6.247065814242102055e-01,-2.854312616939361114e+00
-6.271645630266219351e-01,-2.855289640973023069e+00
-6.296302679796786927e-01,-2.856247005122997340e+00
-6.319437389483695267e-01,-2.857124878946291524e+00
-6.342636172798794547e-01,-2.857985674567685042e+00
-6.364291419034211472e-01,-2.858771837311125275e+00
-6.385999280866543337e-01,-2.859543348111585725e+00
-6.412601511570856783e-01,-2.860465862900694489e+00
-6.439282073994290201e-01,-2.861365466066703611e+00
-6.470911616093188989e-01,-2.862398506222616490e+00
-6.502647288003753356e-01,-2.863398464388255960e+00
-6.539382671425846283e-01,-2.864513931437336680e+00
-6.576232477771052354e-01,-2.865590983554715532e+00
-6.618116120657618895e-01,-2.866769233596833555e+00
-6.660113432765432107e-01,-2.867906272985394800e+00
-6.707172358623327835e-01,-2.869130857585200367e+00
-6.754349209795702524e-01,-2.870309149565240414e+00
-6.806615217011509067e-01,-2.871560133951239546e+00
-6.859001421985638780e-01,-2.872759715071999675e+00
-6.916500367476851041e-01,-2.874017065926770531e+00
-6.974119834881165048e-01,-2.875217881328715919e+00
-7.036874791376267479e-01,-2.876459545431699905e+00
-7.099755654000968752e-01,-2.877635664246625868e+00
-7.162753101309458081e-01,-2.878748060019319155e+00
-7.225856809719412022e-01,-2.879798542789827831e+00
-7.289060691071276299e-01,-2.880787011059813274e+00
-7.352358639325418110e-01,-2.881713369172114625e+00
-7.415742510157196099e-01,-2.882579480893456836e+00
-7.479203443268354068e-01,-2.883387205551073862e+00
-7.542736057345563738e-01,-2.884136474646874948e+00
-7.606334965070582488e-01,-2.884827224621216768e+00
-7.669994774072006471e-01,-2.885459396887597006e+00
-7.733710087328118377e-01,-2.886032937834797973e+00
-7.794075870524099781e-01,-2.886522210819803647e+00
-7.854481636631566177e-01,-2.886959593587666184e+00
-7.909817196346203838e-01,-2.887314193782308802e+00
-7.965179479605638546e-01,-2.887624622205592573e+00
-8.015454238742190096e-01,-2.887867835806132266e+00
-8.065745675053719310e-01,-2.888074001677678915e+00
-8.114346158762110184e-01,-2.888238869913879903e+00
-8.162956668786180980e-01,-2.888370908304801699e+00
-8.206458984303217630e-01,-2.888461006448105994e+00
-8.249966078841755035e-01,-2.888524388087797767e+00
-8.288358905345887262e-01,-2.888557916523460722e+00
-8.326753030485515295e-01,-2.888570222729970105e+00
-8.366853150319830679e-01,-2.888560910333589415e+00
-8.406952079897338503e-01,-2.888529433171133753e+00
-8.441931403538739387e-01,-2.888483711504308715e+00
-8.476908083538264860e-01,-2.888420802350593508e+00
-8.513586858934653057e-01,-2.888336801325330327e+00
-8.550261022863283600e-01,-2.888234778877585729e+00
-8.581814572910438921e-01,-2.888132452169382081e+00
-8.613363445385427974e-01,-2.888016558861842054e+00
-8.643202270894458916e-01,-2.887894097572110130e+00
-8.673035546576585153e-01,-2.887758807060539556e+00
-8.701159070482178404e-01,-2.887620015533336026e+00
-8.729277277893294773e-01,-2.887470859194461337e+00
-8.755686238653315190e-01,-2.887321006507930665e+00
-8.782089487352364721e-01,-2.887161420973023418e+00
-8.803378510959676273e-01,-2.887025525715777530e+00
-8.824663231543234954e-01,-2.886883091810271917e+00
-8.847645703110623705e-01,-2.886722204051703322e+00
-8.870623119523485256e-01,-2.886554257413157298e+00
-8.898697397687944655e-01,-2.886337783908865973e+00
-8.926760691169841611e-01,-2.886107517666846700e+00
-8.959908414487277595e-01,-2.885816050917903830e+00
-8.993035678238131547e-01,-2.885502196158033161e+00
-9.031231434270161618e-01,-2.885113083488609842e+00
-9.069397371553772347e-01,-2.884695833825321465e+00
-9.112616268256257257e-01,-2.884192430338269553e+00
-9.155800100413402642e-01,-2.883659844465074951e+00
-9.204021207596920773e-01,-2.883032038356651228e+00
-9.252198700127354236e-01,-2.882371678293168760e+00
-9.305394717927906179e-01,-2.881605892944596015e+00
-9.358537654158827213e-01,-2.880804202291693095e+00
-9.416678468820062209e-01,-2.879886919009708723e+00
-9.474755821626310581e-01,-2.878930401364696134e+00
-9.537808516160367622e-01,-2.877848165087307564e+00
-9.600786466163974131e-01,-2.876723389617489968e+00
-9.663687054895557793e-01,-2.875556122099914624e+00
-9.726507453135304626e-01,-2.874346415007153155e+00
-9.789249078930628567e-01,-2.873096239699322929e+00
-9.851912811841150308e-01,-2.871807579919292142e+00
-9.914496284824051431e-01,-2.870480484345339534e+00
-9.976997134231837538e-01,-2.869115003086340820e+00
-1.003941299943161836e+00,-2.867711187713200882e+00
-1.010174152258729752e+00,-2.866269091264881386e+00
-1.016398034759858460e+00,-2.864788768275418729e+00
-1.022612711842523670e+00,-2.863270274819932126e+00
-1.028322304628385142e+00,-2.861839861958370701e+00
-1.034023926033890595e+00,-2.860377922575230158e+00
-1.039552440924398580e+00,-2.858927770094604082e+00
-1.045072850699837019e+00,-2.857447097158914762e+00
-1.050092038668447136e+00,-2.856072744734455160e+00
-1.055104370872341546e+00,-2.854673767902270232e+00
-1.060273421471798150e+00,-2.853203644205610345e+00
-1.065437803009421591e+00,-2.851707383750773150e+00
-1.070101364405798838e+00,-2.850332914220245151e+00
-1.074759819636960545e+00,-2.848938166095729585e+00
-1.079249143086488116e+00,-2.847573003044747253e+00
-1.083732588702208455e+00,-2.846188545777801782e+00
-1.087722147991066146e+00,-2.844939132123606829e+00
-1.091707092209772689e+00,-2.843675020904596451e+00
-1.095524941699177690e+00,-2.842448413413246389e+00
-1.099338249362264097e+00,-2.841207744345288333e+00
-1.102661193361081926e+00,-2.840114189211732754e+00
-1.105980768500052225e+00,-2.839010432061893408e+00
-1.109135207097804443e+00,-2.837950812681781176e+00
-1.112286377376979551e+00,-2.836881510010894392e+00
-1.115595643676404736e+00,-2.835747214154357376e+00
-1.118901408515847518e+00,-2.834602760982569691e+00
-1.121720778706819299e+00,-2.833617961489818704e+00
-1.124537722306520493e+00,-2.832626236560604305e+00
-1.127191415390963902e+00,-2.831684649810155108e+00
-1.129842786708687319e+00,-2.830736545108779367e+00
-1.132331293868833244e+00,-2.829839776130913087e+00
-1.134817589573861030e+00,-2.828936895052992728e+00
-1.137141415393106314e+00,-2.828086544682066439e+00
-1.139463143851142446e+00,-2.827230486855166980e+00
-1.141303092721718482e+00,-2.826547571015959992e+00
-1.143141777136322368e+00,-2.825861266035411212e+00
-1.144979193035968290e+00,-2.825171573434307248e+00
-1.146815334243908691e+00,-2.824478495531308475e+00
-1.149127987078303548e+00,-2.823598239958152512e+00
-1.151437380869415161e+00,-2.822709466602648209e+00
-1.154219499240191515e+00,-2.821624023381705371e+00
-1.156995575169165180e+00,-2.820523217072460564e+00
-1.160239858714414041e+00,-2.819214793319207324e+00
-1.163476043206659094e+00,-2.817886469663097415e+00
-1.167176261469580867e+00,-2.816341057563720440e+00
-1.170866911235785457e+00,-2.814772953433841707e+00
-1.175017618130485220e+00,-2.812979206781363040e+00
-1.179157223429723622e+00,-2.811160009003758731e+00
-1.183753416010073112e+00,-2.809108086340715627e+00
-1.188338186942658359e+00,-2.807030801901098105e+00
-1.193376260573172587e+00,-2.804714495287220277e+00
-1.198401442739372769e+00,-2.802370395082126375e+00
-1.203875993821004187e+00,-2.799779754502806028e+00
-1.209336128936814525e+00,-2.797158919913338426e+00
-1.215088297671206963e+00,-2.794358710076896735e+00
-1.220824896375551027e+00,-2.791526776640829599e+00
-1.226545766061436504e+00,-2.788663198330737281e+00
-1.232250734403953496e+00,-2.785768061365510917e+00
-1.237940555243810747e+00,-2.782843184314414575e+00
-1.243615948246554526e+00,-2.779890404295203066e+00
-1.249276776180961779e+00,-2.776909792705510860e+00
-1.254922902215069414e+00,-2.773901421570166281e+00
-1.260554189948093207e+00,-2.770865363550080396e+00
-1.266170503402848091e+00,-2.767801691944453246e+00
-1.271771707013931829e+00,-2.764710480695375505e+00
-1.277357665618679361e+00,-2.761591804391357208e+00
-1.282928244451107203e+00,-2.758445738269590386e+00
-1.288483309138181543e+00,-2.755272358217208950e+00
-1.293728425367242751e+00,-2.752243929321133376e+00
-1.298960495896715805e+00,-2.749192982407991259e+00
-1.304228385030472781e+00,-2.746090740892344950e+00
-1.309482892802406040e+00,-2.742965895331770820e+00
-1.314512779713551627e+00,-2.739945299857169836e+00
-1.319529650042523539e+00,-2.736903113305271695e+00
-1.324097978012584109e+00,-2.734107925845471243e+00
-1.328655994087096781e+00,-2.731295918923614785e+00
-1.333058806636904681e+00,-2.728557219057381911e+00
-1.337451504051769602e+00,-2.725802315710343482e+00
-1.341689868598726409e+00,-2.723122397025047103e+00
-1.345918334667361105e+00,-2.720426880066010966e+00
-1.349707130155149981e+00,-2.717993604989885625e+00
-1.353488445483033153e+00,-2.715548701945494248e+00
-1.357119275329452979e+00,-2.713185257988051990e+00
-1.360742832800530433e+00,-2.710810675061846808e+00
-1.363932543501066963e+00,-2.708707775737179357e+00
-1.367117083019490753e+00,-2.706597042987782586e+00
-1.370154454256313326e+00,-2.704573096029746271e+00
-1.373186844366623749e+00,-2.702541692204947221e+00
-1.376072723879218973e+00,-2.700598146850162085e+00
-1.378953820027839283e+00,-2.698647516630458654e+00
-1.381689069722677798e+00,-2.696785813613197913e+00
-1.384419737376446635e+00,-2.694917395418023442e+00
-1.386724560712228049e+00,-2.693333068707781219e+00
-1.389026460626926696e+00,-2.691744496675352316e+00
-1.391185171018029409e+00,-2.690248860931812924e+00
-1.393341120917966025e+00,-2.688749249546867670e+00
-1.395634201697299348e+00,-2.687147975379363896e+00
-1.397924326757652658e+00,-2.685542478305583902e+00
-1.400071951213025301e+00,-2.684030970643749736e+00
-1.402216786169107721e+00,-2.682515507658131959e+00
-1.404219646101304342e+00,-2.681094817814835274e+00
-1.406219883925549974e+00,-2.679670439329724374e+00
-1.408632319098699570e+00,-2.677942463505491144e+00
-1.411038368817420618e+00,-2.676205609498737648e+00
-1.413849986872927733e+00,-2.674156221600542338e+00
-1.416650232238560791e+00,-2.672091324890406572e+00
-1.419846991595682395e+00,-2.669702063581116391e+00
-1.423026055001687551e+00,-2.667289310833778071e+00
-1.426319943400540469e+00,-2.664746101539035905e+00
-1.429590271141965685e+00,-2.662172655757674367e+00
-1.432967223618190955e+00,-2.659459456004608313e+00
-1.436313987998444563e+00,-2.656709091858064919e+00
-1.439757921779806438e+00,-2.653809098012935852e+00
-1.443164184145395712e+00,-2.650864931933533786e+00
-1.446656776552934121e+00,-2.647760825505533155e+00
-1.450103258826682229e+00,-2.644605584171829449e+00
-1.453623713676412521e+00,-2.641279827317288387e+00
-1.457088566007839203e+00,-2.637896164460525661e+00
-1.460853138674462093e+00,-2.634088873850194634e+00
-1.464546938893696693e+00,-2.630212932040445040e+00
-1.468510435646024348e+00,-2.625889632126376494e+00
-1.472385541142800847e+00,-2.621486978018788605e+00
-1.476499028871891106e+00,-2.616615106837820282e+00
-1.480509842773656493e+00,-2.611658673143010478e+00
-1.484429246909465538e+00,-2.606606300073245563e+00
-1.488242740399744246e+00,-2.601479598628860579e+00
-1.491965701929518051e+00,-2.596256587465427756e+00
-1.495568120067764850e+00,-2.590979367332085115e+00
-1.498882504494277068e+00,-2.585913474911757159e+00
-1.502100334094268019e+00,-2.580784830169329691e+00
-1.505249428158143221e+00,-2.575546992445329586e+00
-1.508298365505721605e+00,-2.570250102176478979e+00
-1.511004015316295579e+00,-2.565346344051865568e+00
-1.513625018806161071e+00,-2.560396753612288467e+00
-1.516084918070731202e+00,-2.555555523813882068e+00
-1.518464250328082299e+00,-2.550674172444102439e+00
-1.520548673348407931e+00,-2.546218656376126432e+00
-1.522564472865858942e+00,-2.541731655242974064e+00
-1.524312488043780167e+00,-2.537685531853403731e+00
-1.526005688087752166e+00,-2.533616156667759078e+00
-1.527581597158160109e+00,-2.529683059938436784e+00
-1.529106654459840398e+00,-2.525729971657885375e+00
-1.530522456666174369e+00,-2.521917853926850306e+00
-1.531891330290686248e+00,-2.518088638479119901e+00
-1.533158771618509997e+00,-2.514404564347786142e+00
-1.534383138277867875e+00,-2.510705955173834880e+00
-1.535513650380240014e+00,-2.507156178407774050e+00
-1.536604850626497987e+00,-2.503594123878073674e+00
-1.537514030964629574e+00,-2.500511686327164362e+00
-1.538392874577660718e+00,-2.497420463816310221e+00
-1.539197163239711674e+00,-2.494485534322052889e+00
-1.539974375471722334e+00,-2.491543323288981870e+00
-1.540683251937243758e+00,-2.488759628891282993e+00
-1.541368162583948820e+00,-2.485969944739666371e+00
-1.541990613614042660e+00,-2.483340690769126891e+00
-1.542592047892434426e+00,-2.480706552910005414e+00
-1.543136539322347955e+00,-2.478234491165035358e+00
-1.543662792395993133e+00,-2.475758485733236647e+00
-1.544137249586349458e+00,-2.473445960253343401e+00
-1.544596068643864673e+00,-2.471130284146060063e+00
-1.545070493951500978e+00,-2.468643835133912834e+00
-1.545526577027929616e+00,-2.466153958515991285e+00
-1.546054655736962324e+00,-2.463156910976026737e+00
-1.546564314148472175e+00,-2.460156680251345040e+00
-1.547138153092151081e+00,-2.456648249067858725e+00
-1.547690431449092019e+00,-2.453136365026379995e+00
-1.548298769538202668e+00,-2.449115259169291736e+00
-1.548884871332189439e+00,-2.445090860091596152e+00
-1.549519672225645905e+00,-2.440556482018906959e+00
-1.550129402079774454e+00,-2.436018675365604569e+00
-1.550779382786394045e+00,-2.430970072285415284e+00
-1.551401453583812540e+00,-2.425917968547786518e+00
-1.552055316560013054e+00,-2.420354382491954670e+00
-1.552678427891659885e+00,-2.414787286884228390e+00
-1.553322994823558956e+00,-2.408707994820739717e+00
-1.553930232481227636e+00,-2.402624882882325341e+00
-1.554528569733744758e+00,-2.396255381448467947e+00
-1.555091713124279629e+00,-2.389882684895857867e+00
-1.555619646949224055e+00,-2.383506972889118725e+00
-1.556112355199162689e+00,-2.377128438069496585e+00
-1.556569822720325291e+00,-2.370747275549051292e+00
-1.556992035425795784e+00,-2.364363680792969546e+00
-1.557378980323893991e+00,-2.357977849272361759e+00
-1.557730645516687495e+00,-2.351589976434119489e+00
-1.558047020194223586e+00,-2.345200257728637716e+00
-1.558328094628120830e+00,-2.338808888655482310e+00
-1.558556014541729429e+00,-2.332927222788274246e+00
-1.558755048444641300e+00,-2.327044484853853845e+00
-1.558920260848488448e+00,-2.321331286294491925e+00
-1.559057412943851917e+00,-2.315617341419939912e+00
-1.559158332548761905e+00,-2.310414309208280947e+00
-1.559236888969422585e+00,-2.305210881104596155e+00
-1.559291238203583951e+00,-2.300177715103973508e+00
-1.559323952303730332e+00,-2.295144409955103715e+00
-1.559335275804087928e+00,-2.290623641274216915e+00
-1.559329943803977381e+00,-2.286100464627355944e+00
-1.559308798882922176e+00,-2.281749376429032417e+00
-1.559271619378185258e+00,-2.277398324303490984e+00
-1.559225843616825147e+00,-2.273559136801432956e+00
-1.559168277434913596e+00,-2.269720095644203184e+00
-1.559102003249074553e+00,-2.266051821270543165e+00
-1.559024463775681602e+00,-2.262383765407825376e+00
-1.558939789193332093e+00,-2.258886524274386520e+00
-1.558844374394433130e+00,-2.255389558566853747e+00
-1.558754668564246826e+00,-2.252404488851324160e+00
-1.558657627920506217e+00,-2.249419647025147739e+00
-1.558559216484059373e+00,-2.246605575330792526e+00
-1.558453890520594909e+00,-2.243791754275192840e+00
-1.558334849328192329e+00,-2.240807709745250342e+00
-1.558208476036510470e+00,-2.237823968059298174e+00
-1.558082410519618266e+00,-2.235011002080180109e+00
-1.557949433279998797e+00,-2.232198354355541259e+00
-1.557835682968182756e+00,-2.229897278696777452e+00
-1.557717691678353944e+00,-2.227596418098248154e+00
-1.557604513138211022e+00,-2.225466180559972695e+00
-1.557487408550928709e+00,-2.223336156307111011e+00
-1.557339767477714076e+00,-2.220695114006854265e+00
-1.557192125736117871e+00,-2.218054071388038118e+00
-1.557017848307898022e+00,-2.214901836054809614e+00
-1.556847442797470116e+00,-2.211749391521153463e+00
-1.556653909367741617e+00,-2.208085606263221479e+00
-1.556464875929372882e+00,-2.204421591541684489e+00
-1.556254600352785511e+00,-2.200246196507403607e+00
-1.556049452703748504e+00,-2.196070555165333005e+00
-1.555824948663102614e+00,-2.191383506599580588e+00
-1.555606200327648514e+00,-2.186696198375145173e+00
-1.555369981197573193e+00,-2.181497468740052792e+00
-1.555140145345194069e+00,-2.176298469616372966e+00
-1.554894724028815345e+00,-2.170588047647006302e+00
-1.554656313309903615e+00,-2.164877349894592573e+00
-1.554404202074198382e+00,-2.158655240633577943e+00
-1.554159728455734468e+00,-2.152432852844315292e+00
-1.553916407129762201e+00,-2.146039797998219978e+00
-1.553680931998573600e+00,-2.139646456794171758e+00
-1.553453303078770276e+00,-2.133252829967388298e+00
-1.553233520699710990e+00,-2.126858926175501985e+00
-1.553021585252561287e+00,-2.120464755822381253e+00
-1.552817497219125764e+00,-2.114070331083059529e+00
-1.552626488946688088e+00,-2.107846117750464821e+00
-1.552443115455427902e+00,-2.101621544310178002e+00
-1.552275402481951838e+00,-2.095680896355222256e+00
-1.552114980867115079e+00,-2.089740025973221726e+00
-1.551966733291502809e+00,-2.083988363850827419e+00
-1.551825545696025710e+00,-2.078236514766849563e+00
-1.551703345585858207e+00,-2.072995966753732766e+00
-1.551587578791421063e+00,-2.067755254007317411e+00
-1.551481803273677018e+00,-2.062684916334839080e+00
-1.551382252712434795e+00,-2.057614447501177501e+00
-1.551298344068494872e+00,-2.053055473167911593e+00
-1.551220033156240019e+00,-2.048496387146863107e+00
-1.551154238538201113e+00,-2.044448917317770231e+00
-1.551090928525163060e+00,-2.040401399732365118e+00
-1.551032666704378782e+00,-2.036524422910511056e+00
-1.550976784996145774e+00,-2.032647409386222570e+00
-1.550925637529410928e+00,-2.028940950729735793e+00
-1.550876765571276517e+00,-2.025234460000565839e+00
-1.550832313839838106e+00,-2.021698536233830001e+00
-1.550790032991714362e+00,-2.018162584641916446e+00
-1.550751858312067410e+00,-2.014797211430256585e+00
-1.550715749871723226e+00,-2.011431814435266752e+00
-1.550683433499866259e+00,-2.008237006553073467e+00
-1.550653078704882226e+00,-2.005042178700260358e+00
-1.550626201838430029e+00,-2.002017949978305733e+00
-1.550601181868657585e+00,-1.998993704851317776e+00
-1.550579325649673601e+00,-1.996140068140456414e+00
-1.550559221630301021e+00,-1.993286418332185228e+00
-1.550541967148575839e+00,-1.990603385481531928e+00
-1.550526360153536620e+00,-1.987920342576693367e+00
-1.550513288450115157e+00,-1.985407924420628634e+00
-1.550501759505685584e+00,-1.982895498985430160e+00
-1.550491773323944500e+00,-1.980383067033566036e+00
-1.550483329907919039e+00,-1.977870629585501083e+00
-1.550474094391481206e+00,-1.974846293525614804e+00
-1.550464858173735028e+00,-1.971821959771021149e+00
-1.550454057924148143e+00,-1.968285770337575791e+00
-1.550443256849058038e+00,-1.964749586052657371e+00
-1.550430891517203813e+00,-1.960701592052778608e+00
-1.550418525247716950e+00,-1.956653606295502001e+00
-1.550404594516716861e+00,-1.952093863276692431e+00
-1.550390662737337166e+00,-1.947534132018859943e+00
-1.550375166311836361e+00,-1.942462702494716087e+00
-1.550359668728627627e+00,-1.937391288696458824e+00
-1.550342606334899065e+00,-1.931808242189423153e+00
-1.550325542675576651e+00,-1.926225215825984494e+00
-1.550306914061593044e+00,-1.920130628884660462e+00
-1.550288284075583611e+00,-1.914036066958342719e+00
-1.550268726021157617e+00,-1.907638396006696713e+00
-1.550249166498499420e+00,-1.901240740583029387e+00
-1.550231568648448910e+00,-1.894843081459271605e+00
-1.550217895669857793e+00,-1.888445409864142999e+00
-1.550206184404993248e+00,-1.882047729533857794e+00
-1.550194471651084482e+00,-1.875650047025269496e+00
-1.550184720582899578e+00,-1.869252361660062034e+00
-1.550178894416344155e+00,-1.862854670031678816e+00
-1.550175235961276154e+00,-1.856797975594566941e+00
-1.550171576095706660e+00,-1.850741262212943994e+00
-1.550168224052230537e+00,-1.845196112844237124e+00
-1.550164870698236497e+00,-1.839650941408985441e+00
-1.550161619213327180e+00,-1.834276306352093266e+00
-1.550158366461031445e+00,-1.828901665125281628e+00
-1.550155422226987767e+00,-1.824038685801931514e+00
-1.550152476845664706e+00,-1.819175691828279984e+00
-1.550151074309283228e+00,-1.814483266088272151e+00
-1.550152551963961178e+00,-1.809790836496268707e+00
-1.550155151046601176e+00,-1.805610150690001969e+00
-1.550157749170795185e+00,-1.801429455838236660e+00
-1.550160240337876472e+00,-1.797419354360705768e+00
-1.550162730562949953e+00,-1.793409250807462163e+00
-1.550165113943727579e+00,-1.789569747534363708e+00
-1.550167496421873015e+00,-1.785730242552905578e+00
-1.550170898825321331e+00,-1.782061345316641399e+00
-1.550176553688075165e+00,-1.778392449290324029e+00
-1.550183019055528577e+00,-1.774894164369718252e+00
-1.550189483614238473e+00,-1.771395878204013341e+00
-1.550195001596116340e+00,-1.768409451183232450e+00
-1.550200518881868383e+00,-1.765423022372341277e+00
-1.550205720278466037e+00,-1.762607222256772133e+00
-1.550210921012572962e+00,-1.759791422116973481e+00
-1.550215805967501526e+00,-1.757146255139211632e+00
-1.550220690299296766e+00,-1.754501088380083784e+00
-1.550226753851080330e+00,-1.751685291367575781e+00
-1.550234546361935584e+00,-1.748869499204630307e+00
-1.550241629263948040e+00,-1.746565616265800536e+00
-1.550248711630255016e+00,-1.744261734596001867e+00
-1.550255268922055674e+00,-1.742128495934716081e+00
-1.550261825709395636e+00,-1.739995258085836660e+00
-1.550268381993440192e+00,-1.737862020404849828e+00
-1.550274937773462369e+00,-1.735728782890588073e+00
-1.550283066138707477e+00,-1.733083625441591336e+00
-1.550291193873677864e+00,-1.730438468355155690e+00
-1.550300893719773532e+00,-1.727281425933826275e+00
-1.550310592805689502e+00,-1.724124386386883589e+00
-1.550321863511213705e+00,-1.720455502567440176e+00
-1.550333133326284418e+00,-1.716786624437609543e+00
-1.550345974249666803e+00,-1.712605949607307831e+00
-1.550358814151098219e+00,-1.708425283697129649e+00
-1.550373224629573166e+00,-1.703732875203773034e+00
-1.550387633953297151e+00,-1.699040479298081552e+00
-1.550403613302775208e+00,-1.693836401490140586e+00
-1.550419591363375815e+00,-1.688632340383075192e+00
-1.550437138878359100e+00,-1.682916664630778047e+00
-1.550454684969673869e+00,-1.677201010105591861e+00
-1.550473799924102059e+00,-1.670973814824933568e+00
-1.550492913317089938e+00,-1.664746645792823276e+00
-1.550512548500710963e+00,-1.658348982286627304e+00
-1.550532182148288474e+00,-1.651951326212829363e+00
-1.550551814289768959e+00,-1.645553668593588093e+00
-1.550571444930803677e+00,-1.639156008280526100e+00
-1.550591074070788666e+00,-1.632758345563876112e+00
-1.550610701708332151e+00,-1.626360680889841648e+00
-1.550630327842166256e+00,-1.619963014651174316e+00
-1.550649952471255588e+00,-1.613565347166416419e+00
-1.550668529671188178e+00,-1.607508679079301617e+00
-1.550687105507743579e+00,-1.601451992137222113e+00
-1.550704111086913528e+00,-1.595906866993439310e+00
-1.550721115436098918e+00,-1.590361719827873443e+00
-1.550736549666652309e+00,-1.585328206974050191e+00
-1.550751982769824400e+00,-1.580294677679160431e+00
-1.550766891787077606e+00,-1.575431707770976519e+00
-1.550781799673258243e+00,-1.570568733704097664e+00
-1.550796183562397568e+00,-1.565876328023955377e+00
-1.550810566358277631e+00,-1.561183918728165532e+00
-1.550823379621376175e+00,-1.557003251636739805e+00
-1.550836191933449681e+00,-1.552822575404845917e+00
-1.550848480498256965e+00,-1.548812491673743574e+00
-1.550860768126187450e+00,-1.544802405806132040e+00
-1.550872532102850476e+00,-1.540962919388627173e+00
-1.550884295181070183e+00,-1.537123431227105375e+00
-1.550894489383767061e+00,-1.533795771530964469e+00
-1.550904682818034175e+00,-1.530468108249383619e+00
-1.550914352863489221e+00,-1.527311064255045148e+00
-1.550924022167692984e+00,-1.524154019736573051e+00
-1.550933168185361533e+00,-1.521167599632105683e+00
-1.550942313500713210e+00,-1.518181179275038373e+00
-1.550950935637242400e+00,-1.515365387491714566e+00
-1.550959557111030174e+00,-1.512549595648920109e+00
-1.550967655514394083e+00,-1.509904436337317968e+00
-1.550975753294544290e+00,-1.507259277176540069e+00
-1.550983328113304971e+00,-1.504784754297025851e+00
-1.550990902348362566e+00,-1.502310231783412275e+00
-1.550997953731750201e+00,-1.500006349078181866e+00
-1.551005004570958024e+00,-1.497702466949758060e+00
-1.551012054866756307e+00,-1.495398584944500842e+00
-1.551019104618298172e+00,-1.493094703097368470e+00
-1.551027720117367226e+00,-1.490278911877261692e+00
-1.551036334942989869e+00,-1.487463121819844414e+00
-1.551046515034890438e+00,-1.484135459353511433e+00
-1.551056694323216245e+00,-1.480807800729901036e+00
-1.551068438380381886e+00,-1.476968312926696614e+00
-1.551080181503216471e+00,-1.473128831917251080e+00
-1.551093488877515636e+00,-1.468777571495837764e+00
-1.551106795185634324e+00,-1.464426321229721717e+00
-1.551121665207976452e+00,-1.459563347863186200e+00
-1.551136534030989056e+00,-1.454700388454368332e+00
-1.551152966011059675e+00,-1.449325768820146854e+00
-1.551169396657335664e+00,-1.443951167394452950e+00
-1.551187389883563972e+00,-1.438064975192699491e+00
-1.551205381640220038e+00,-1.432178805900693241e+00
-1.551224935379786674e+00,-1.425781121861064316e+00
-1.551244487512703607e+00,-1.419383465881946638e+00
-1.551264038125217182e+00,-1.412985811442222683e+00
-1.551283587237153982e+00,-1.406588154088775910e+00
-1.551303134849938647e+00,-1.400190493677365478e+00
-1.551322680962135658e+00,-1.393792830703297625e+00
-1.551342225572146294e+00,-1.387395165668966479e+00
-1.551361768678619857e+00,-1.380997498992525108e+00
-1.551378410163353649e+00,-1.374940827908683216e+00
-1.551391333163083308e+00,-1.368884128558437441e+00
-1.551401980874662412e+00,-1.363054774489268040e+00
-1.551412627217386486e+00,-1.357225409130107918e+00
-1.551422337966237963e+00,-1.351907641761648904e+00
-1.551432047505876488e+00,-1.346589855069212582e+00
-1.551441444443496076e+00,-1.341442615309023978e+00
-1.551450840180388147e+00,-1.336295370251227466e+00
-1.551457878262988643e+00,-1.331659813737202214e+00
-1.551462070221384604e+00,-1.327024241007912941e+00
-1.551464736687410362e+00,-1.322559242958903036e+00
-1.551467402091663894e+00,-1.318094241738679839e+00
-1.551469964654548006e+00,-1.313799824920295567e+00
-1.551472526208749203e+00,-1.309505405402223488e+00
-1.551474781602001585e+00,-1.305722772923904929e+00
-1.551477036113443786e+00,-1.301940134053779508e+00
-1.551479188093427775e+00,-1.298328101726745620e+00
-1.551481339224536571e+00,-1.294716068063444636e+00
-1.551482331887198196e+00,-1.291274646510224944e+00
-1.551481211638966684e+00,-1.287833223920868964e+00
-1.551479142457690141e+00,-1.284562419440715697e+00
-1.551477072497156495e+00,-1.281291614175619875e+00
-1.551475109787171291e+00,-1.278191430911605142e+00
-1.551473146347528864e+00,-1.275091247100791358e+00
-1.551471290281443149e+00,-1.272161689679541130e+00
-1.551469433525819674e+00,-1.269232131959673104e+00
-1.551466837565705248e+00,-1.266473205148267445e+00
-1.551462547546187176e+00,-1.263714280352613128e+00
-1.551457727899081096e+00,-1.261125991678798242e+00
-1.551452907636128753e+00,-1.258537703198566726e+00
-1.551448404589725882e+00,-1.256120052669591258e+00
-1.551443900975367551e+00,-1.253702402562670848e+00
-1.551439396791736147e+00,-1.251284752565436253e+00
-1.551434892038087154e+00,-1.248867102735814916e+00
-1.551429432772400085e+00,-1.245937549473802752e+00
-1.551423972813504193e+00,-1.243007998000543068e+00
-1.551417558046277678e+00,-1.239566581594350403e+00
-1.551411142468714033e+00,-1.236125169736255414e+00
-1.551403771800895948e+00,-1.232171937682133178e+00
-1.551396400206736192e+00,-1.228218713200805112e+00
-1.551388073252732536e+00,-1.223753719756500713e+00
-1.551379745257233989e+00,-1.219288737332032024e+00
-1.551370461644639986e+00,-1.214312043721129886e+00
-1.551361176876277614e+00,-1.209335365021146247e+00
-1.551350936245956547e+00,-1.203847039474357894e+00
-1.551340694346494242e+00,-1.198358733180278746e+00
-1.551329496352636506e+00,-1.192358850952950133e+00
-1.551318296977177491e+00,-1.186358992772222454e+00
-1.551306353474146027e+00,-1.179961296228522638e+00
-1.551294408492415622e+00,-1.173563620917371209e+00
-1.551282461997594897e+00,-1.167165946144499200e+00
-1.551270513988262545e+00,-1.160768268553891591e+00
-1.551258564465157752e+00,-1.154370588142875853e+00
-1.551246613429208221e+00,-1.147972905387787179e+00
-1.551234660881210869e+00,-1.141575220752424347e+00
-1.551222706821807851e+00,-1.135177534620139150e+00
-1.551210751251509867e+00,-1.128779847297840977e+00
-1.551198794170721262e+00,-1.122382159029551740e+00
-1.551187791709812913e+00,-1.116495984535605501e+00
-1.551176787822514669e+00,-1.110609784111844967e+00
-1.551166739058591482e+00,-1.105235171012153517e+00
-1.551156688999562494e+00,-1.099860537805227523e+00
-1.551146956622095452e+00,-1.094656449038392099e+00
-1.551137223010604194e+00,-1.089452354905146469e+00
-1.551128445337144113e+00,-1.084759943919089809e+00
-1.551119666540403674e+00,-1.080067519870144377e+00
-1.551111205800147275e+00,-1.075545669782158820e+00
-1.551102743989933419e+00,-1.071023816421844632e+00
-1.551094600368159160e+00,-1.066672545135245231e+00
-1.551086455717014312e+00,-1.062321271012776291e+00
-1.551079268107454112e+00,-1.058481777349188580e+00
-1.551072079585833707e+00,-1.054642276924750766e+00
-1.551065209618201823e+00,-1.050973380969576265e+00
-1.551058338784551127e+00,-1.047304483575411505e+00
-1.551051786634108032e+00,-1.043806196855302959e+00
-1.551045233657983857e+00,-1.040307909038344691e+00
-1.551038999494606330e+00,-1.036980236757817364e+00
-1.551032764546107057e+00,-1.033652563594580576e+00
-1.551026848539600822e+00,-1.030495510632992051e+00
-1.551020931788587021e+00,-1.027338457029549401e+00
-1.551015334108444721e+00,-1.024352028095962375e+00
-1.551009735724428129e+00,-1.021365598773135597e+00
-1.551004456539759380e+00,-1.018549798371971793e+00
-1.550999176691849391e+00,-1.015733997834222802e+00
-1.550994216171341700e+00,-1.013088830241573701e+00
-1.550989255028214497e+00,-1.010443662758150785e+00
-1.550984293261726377e+00,-1.007798495369197855e+00
-1.550979330871214756e+00,-1.005153328178690408e+00
-1.550973407420731531e+00,-1.001996273433639839e+00
-1.550967483225023980e+00,-9.988392217492710889e-01
-1.550960597679134967e+00,-9.951703241508752518e-01
-1.550953711271307656e+00,-9.915014325667727002e-01
-1.550945863237442435e+00,-9.873207427468215780e-01
-1.550938014226024286e+00,-9.831400621267827322e-01
-1.550929203325122296e+00,-9.784476374321919856e-01
-1.550920391331912729e+00,-9.737552255517278876e-01
-1.550910617198196562e+00,-9.685511302987760418e-01
-1.550900841871019287e+00,-9.633470519229754281e-01
-1.550890104202396813e+00,-9.576313574379818894e-01
-1.550879365290169565e+00,-9.519156843499267939e-01
-1.550867663919432093e+00,-9.456884689896452034e-01
-1.550855961310498854e+00,-9.394612800042159151e-01
-1.550843937046771925e+00,-9.330635961269642120e-01
-1.550831911626455284e+00,-9.266659197619846466e-01
-1.550819885114214758e+00,-9.202682419223365828e-01
-1.550807857588879735e+00,-9.138705614462027116e-01
-1.550795829130680259e+00,-9.074728786144101722e-01
-1.550783799818135522e+00,-9.010751938659843363e-01
-1.550771769727061544e+00,-8.946775075881148176e-01
-1.550759738930032716e+00,-8.882798200950241529e-01
-1.550748348779022789e+00,-8.822231330374029623e-01
-1.550736958049539149e+00,-8.761664271467811682e-01
-1.550726528958928263e+00,-8.706212845925309640e-01
-1.550716099423168570e+00,-8.650761200348663360e-01
-1.550705990286840308e+00,-8.597014916298272302e-01
-1.550695880825351258e+00,-8.543268570917077476e-01
-1.550686733521305483e+00,-8.494638836941700299e-01
-1.550677585958942339e+00,-8.446008956769620601e-01
-1.550668759043323686e+00,-8.399084746302294402e-01
-1.550659931943622061e+00,-8.352160498179442838e-01
-1.550652067364952869e+00,-8.310353689402751876e-01
-1.550644202645318659e+00,-8.268546790385670198e-01
-1.550636658743030694e+00,-8.228445822474298454e-01
-1.550629114749468407e+00,-8.188344833916600951e-01
-1.550621891626979831e+00,-8.149949845573545293e-01
-1.550614668444051381e+00,-8.111554840261999688e-01
-1.550607766174504798e+00,-8.074865888222091392e-01
-1.550600863869412205e+00,-8.038176921337857328e-01
-1.550594924477943337e+00,-8.006606403476758116e-01
-1.550588985065662451e+00,-7.975035859053186682e-01
-1.550583366642854788e+00,-7.945171558202398510e-01
-1.550577748216818597e+00,-7.915307254744889942e-01
-1.550572450801041668e+00,-7.887149242880940880e-01
-1.550567153392421016e+00,-7.858991231005717504e-01
-1.550562177009096709e+00,-7.832539550072671330e-01
-1.550557200640484856e+00,-7.806087871034975700e-01
-1.550553305042066565e+00,-7.781342555548895756e-01
-1.550550928935681583e+00,-7.756597224056931417e-01
-1.550549424017026778e+00,-7.733558284548486261e-01
-1.550547919055677237e+00,-7.710519351021416501e-01
-1.550546525534214570e+00,-7.689186856365450851e-01
-1.550545131998784409e+00,-7.667854369660729308e-01
-1.550543738465177901e+00,-7.646521884380419465e-01
-1.550542344948786733e+00,-7.625189400591869671e-01
-1.550540617076683780e+00,-7.598737694673092236e-01
-1.550538889285849375e+00,-7.572285992220867401e-01
-1.550536827269280327e+00,-7.540715413642745668e-01
-1.550534765421320182e+00,-7.509144863682873927e-01
-1.550532369520024822e+00,-7.472455848160334257e-01
-1.550529973886569435e+00,-7.435766889435579952e-01
-1.550527244408048899e+00,-7.393959940833254585e-01
-1.550524515308064677e+00,-7.352153081361985087e-01
-1.550521452601055561e+00,-7.305228773169044620e-01
-1.550518390388114343e+00,-7.258304590807290735e-01
-1.550514994825997084e+00,-7.206263566527308928e-01
-1.550511599870835422e+00,-7.154222709228468258e-01
-1.550507871833058715e+00,-7.097065682568632905e-01
-1.550504144504866400e+00,-7.039908868519305640e-01
-1.550500084358065189e+00,-6.977636623469904986e-01
-1.550496025006258494e+00,-6.915364641139336577e-01
-1.550491855304157118e+00,-6.851387706557822144e-01
-1.550487686385703556e+00,-6.787410846376821238e-01
-1.550483518224726076e+00,-6.723433970860468456e-01
-1.550479350797064670e+00,-6.659457068504919253e-01
-1.550475184077023671e+00,-6.595480142209956265e-01
-1.550471018037115511e+00,-6.531503196438505077e-01
-1.550466963652943564e+00,-6.469231201953737909e-01
-1.550462909863819627e+00,-6.406959098869833280e-01
-1.550459041613787559e+00,-6.347528780894018396e-01
-1.550455173868762415e+00,-6.288098313262959760e-01
-1.550451639505094015e+00,-6.233783661167990875e-01
-1.550448105544816713e+00,-6.179468802384759929e-01
-1.550444682927532458e+00,-6.126859361918418623e-01
-1.550441260665844423e+00,-6.074249864218433936e-01
-1.550438171556419942e+00,-6.026757131912530152e-01
-1.550435082725564628e+00,-5.979264263275572144e-01
-1.550432105092523827e+00,-5.933477113307581430e-01
-1.550429127704434418e+00,-5.887689928678982998e-01
-1.550426483302733693e+00,-5.847020317114963728e-01
-1.550423839092424538e+00,-5.806350623478684359e-01
-1.550421305977932374e+00,-5.767386902953833827e-01
-1.550418773032646858e+00,-5.728423164166566162e-01
-1.550416351148404592e+00,-5.691165465071603702e-01
-1.550413929410733971e+00,-5.653907751216606936e-01
-1.550411618701851735e+00,-5.618356128545681782e-01
-1.550409308118714913e+00,-5.582804493195399065e-01
-1.550407330304964137e+00,-5.552371411235195175e-01
-1.550405352587320040e+00,-5.521938308862995859e-01
-1.550403485840450069e+00,-5.493211482099126242e-01
-1.550401619176180246e+00,-5.464484654502442806e-01
-1.550400575976320416e+00,-5.434051554843241094e-01
-1.550401401373108445e+00,-5.403618465622448408e-01
-1.550402865075242387e+00,-5.378304319129553202e-01
-1.550404328761354700e+00,-5.352990176178190618e-01
-1.550405693776455873e+00,-5.329382425826685310e-01
-1.550407058798555227e+00,-5.305774681001423909e-01
-1.550409299693632725e+00,-5.280460555921202559e-01
-1.550413094994605112e+00,-5.255146450309746697e-01
-1.550418444706399335e+00,-5.229832375075987860e-01
-1.550425348827477512e+00,-5.204518338249445319e-01
-1.550434583478101924e+00,-5.174085376227210986e-01
-1.550443818199802593e+00,-5.143652437645831466e-01
-1.550454606313670824e+00,-5.108100958498935640e-01
-1.550465394713856027e+00,-5.072549531399476175e-01
-1.550477736696260322e+00,-5.031880025555444114e-01
-1.550490079211918504e+00,-4.991210602909335603e-01
-1.550503975558056302e+00,-4.945423628321677922e-01
-1.550517872702193101e+00,-4.899636772329215573e-01
-1.550533323960004539e+00,-4.848732956668372340e-01
-1.550548776277896890e+00,-4.797829299456296548e-01
-1.550565782987476826e+00,-4.741809340487794788e-01
-1.550582790966901880e+00,-4.685789584325043555e-01
-1.550601353523782810e+00,-4.624654250064573202e-01
-1.550619917457130459e+00,-4.563519167629431217e-01
-1.550639345785194578e+00,-4.499542447157863778e-01
-1.550658775585624705e+00,-4.435565870853088732e-01
-1.550678206899635647e+00,-4.371589289598518668e-01
-1.550697639727275812e+00,-4.307612680930676397e-01
-1.550717074037328391e+00,-4.243636046249977811e-01
-1.550736509771012184e+00,-4.179659390156613696e-01
-1.550755946863120682e+00,-4.115682716925719298e-01
-1.550775385244039128e+00,-4.051706030063252362e-01
-1.550794306777999676e+00,-3.989434292599373655e-01
-1.550813229445861641e+00,-3.927162450165010421e-01
-1.550830598634301172e+00,-3.870005981473250700e-01
-1.550847968763828799e+00,-3.812849273482699086e-01
-1.550863784820947000e+00,-3.760808670559546152e-01
-1.550879601605644531e+00,-3.708767885418529642e-01
-1.550894900630189532e+00,-3.658432618467434838e-01
-1.550910200218899249e+00,-3.608097304154351259e-01
-1.550923944922427244e+00,-3.562879017690003813e-01
-1.550937690075560482e+00,-3.517660615048635031e-01
-1.550950917076184377e+00,-3.474148013895038689e-01
-1.550964144417590118e+00,-3.430635384483149419e-01
-1.550976853482227025e+00,-3.388828633431126280e-01
-1.550989562818653411e+00,-3.347021858357904223e-01
-1.551001753778107561e+00,-3.306921019404365780e-01
-1.551013944953991919e+00,-3.266820158685653785e-01
-1.551024580322146962e+00,-3.231837423687254907e-01
-1.551035215859445815e+00,-3.196854642316860340e-01
-1.551045332825986778e+00,-3.163578004866565152e-01
-1.551055449916868056e+00,-3.130301359069154743e-01
-1.551065048376276012e+00,-3.098730912267484428e-01
-1.551074646930106660e+00,-3.067160460202042471e-01
-1.551083726802721330e+00,-3.037296251211974996e-01
-1.551092806745342223e+00,-3.007432039038318017e-01
-1.551101367964608624e+00,-2.979274111954924309e-01
-1.551109929233898566e+00,-2.951116183937379511e-01
-1.551117159613303764e+00,-2.924664566693294665e-01
-1.551122765762057654e+00,-2.898212910780454399e-01
-1.551127250572887473e+00,-2.873467598014204927e-01
-1.551131735454279736e+00,-2.848722288921358148e-01
-1.551135911116958921e+00,-2.825683383075707766e-01
-1.551140086813290075e+00,-2.802644483059096858e-01
-1.551145190331606027e+00,-2.774486472437009410e-01
-1.551150293817349590e+00,-2.746328474267847319e-01
-1.551156324967431832e+00,-2.713051735842610390e-01
-1.551162355985998165e+00,-2.679775036830102097e-01
-1.551169314447714331e+00,-2.641380030696310333e-01
-1.551176272661715094e+00,-2.602985092796210598e-01
-1.551184158049838668e+00,-2.559472345703412977e-01
-1.551192043063509107e+00,-2.515959700816234323e-01
-1.551200854941510610e+00,-2.467329809597921808e-01
-1.551209666311459401e+00,-2.418700058504950345e-01
-1.551219404204057239e+00,-2.364953689862427100e-01
-1.551229141456665017e+00,-2.311207503745361103e-01
-1.551239804871169969e+00,-2.252345394578228743e-01
-1.551250467523937138e+00,-2.193483514857481609e-01
-1.551262055971405207e+00,-2.129506472366636260e-01
-1.551273643553435999e+00,-2.065529710757075810e-01
-1.551285230326383990e+00,-2.001552964864960205e-01
-1.551296816311640736e+00,-1.937576190083039052e-01
-1.551308401527082381e+00,-1.873599384931262379e-01
-1.551319985993029338e+00,-1.809622554336914046e-01
-1.551331569732738114e+00,-1.745645703305199747e-01
-1.551343152771960998e+00,-1.681668836004089340e-01
-1.551354426473832815e+00,-1.619396920679858909e-01
-1.551365699570594003e+00,-1.557124898774390753e-01
-1.551376046087308280e+00,-1.499968263869981833e-01
-1.551386392136167913e+00,-1.442811388771350900e-01
-1.551396429040854841e+00,-1.387359789151738909e-01
-1.551406465514254318e+00,-1.331908119673374802e-01
-1.551415575568600991e+00,-1.281572834186310017e-01
-1.551424685295831551e+00,-1.231237385981650279e-01
-1.551431993805543419e+00,-1.182607527019575722e-01
-1.551436317563583467e+00,-1.133977588376423040e-01
-1.551438850888624321e+00,-1.090464874903797204e-01
-1.551441383999898616e+00,-1.046952058148589854e-01
-1.551443817569629458e+00,-1.005145113773763393e-01
-1.551446250881267641e+00,-9.633381448411662551e-02
-1.551448584631161420e+00,-9.232371213831852552e-02
-1.551450918095345521e+00,-8.831360773966438760e-02
-1.551453151999954816e+00,-8.447410343696461210e-02
-1.551455385607157123e+00,-8.063459730476101039e-02
-1.551457321200781836e+00,-7.730692181335102608e-02
-1.551459256538637588e+00,-7.397924269665147323e-02
-1.551460123325000495e+00,-7.082218418645755409e-02
-1.551459051706760128e+00,-6.766512512737214713e-02
-1.551457121106195602e+00,-6.467869076477442136e-02
-1.551455190351586966e+00,-6.169225615109113353e-02
-1.551453369746338851e+00,-5.887645087196390764e-02
-1.551451548956425119e+00,-5.606064553943334444e-02
-1.551449838313541552e+00,-5.341547350459864563e-02
-1.551448127467151217e+00,-5.077030162915167205e-02
-1.551446526784551860e+00,-4.829576680420576834e-02
-1.551444925892908389e+00,-4.582123235466949163e-02
-1.551442727930515852e+00,-4.351733969346877756e-02
-1.551439115228850030e+00,-4.121344934437183583e-02
-1.551435115080913141e+00,-3.908020322554443121e-02
-1.551431114827026780e+00,-3.694695790415489928e-02
-1.551426154441239103e+00,-3.430179107580419440e-02
-1.551421193828094625e+00,-3.165662464075699734e-02
-1.551415272918079680e+00,-2.849957135085911392e-02
-1.551409351627980993e+00,-2.534252099463466662e-02
-1.551402469822590335e+00,-2.167362486489982087e-02
-1.551395587460789871e+00,-1.800473447819005840e-02
-1.551387744325869900e+00,-1.382404589756453667e-02
-1.551379900446665960e+00,-9.643366281081880431e-03
-1.551371095515241327e+00,-4.950942590838456996e-03
-1.551362289654008020e+00,-2.585315227617126024e-04
-1.551352522461082906e+00,4.945562937819882217e-03
-1.551342754169856564e+00,1.014964067172640511e-02
-1.551332024289051370e+00,1.586533454321075592e-02
-1.551321293172504445e+00,2.158100713349805910e-02
-1.551309600251112419e+00,2.780822202650997874e-02
-1.551297905999452054e+00,3.403541063372293729e-02
-1.551285890189500583e+00,4.043309419313849407e-02
-1.551273873058298003e+00,4.683077030367112370e-02
-1.551261854646446725e+00,5.322844794084063275e-02
-1.551249835013688516e+00,5.962612825653827719e-02
-1.551237814225759903e+00,6.602381096186074605e-02
-1.551225792350893862e+00,7.242149561127457502e-02
-1.551213769458443359e+00,7.881918181232927534e-02
-1.551201745617960759e+00,8.521686924655678952e-02
-1.551190041354918003e+00,9.144406113190563234e-02
-1.551178336286068715e+00,9.767126343465953875e-02
-1.551167592077671964e+00,1.033869268078185383e-01
-1.551156847217935342e+00,1.091026140666686017e-01
-1.551146422393050006e+00,1.146477736772969630e-01
-1.551135997064388095e+00,1.201929401968363370e-01
-1.551126533247926709e+00,1.252264682856333300e-01
-1.551117069030557127e+00,1.302600126037836148e-01
-1.551107925179317171e+00,1.351229971858251000e-01
-1.551098781024815798e+00,1.399859860456877658e-01
-1.551090598853557934e+00,1.443372505062512079e-01
-1.551082416442080891e+00,1.486885252846797956e-01
-1.551074554619774615e+00,1.528692130869087340e-01
-1.551066692616514642e+00,1.570499033390410915e-01
-1.551059151271302339e+00,1.610599993105737149e-01
-1.551051609784868335e+00,1.650700973301872931e-01
-1.551045030720080264e+00,1.685683811225092976e-01
-1.551038451548575114e+00,1.720666694831999854e-01
-1.551032193166790085e+00,1.753943428972191410e-01
-1.551025934710351439e+00,1.787220171091587484e-01
-1.551019997084094326e+00,1.818790708958874791e-01
-1.551014059404190570e+00,1.850361251881965097e-01
-1.551008442586864655e+00,1.880225546638497891e-01
-1.551002825732807011e+00,1.910089844461749786e-01
-1.550997529768149308e+00,1.938247852199042609e-01
-1.550992233780347895e+00,1.966405860805436334e-01
-1.550987258703924843e+00,1.992857539440201498e-01
-1.550982283615084167e+00,2.019309216672656448e-01
-1.550977629455383866e+00,2.044054526252410409e-01
-1.550972975291547540e+00,2.068799832184819720e-01
-1.550967358333559254e+00,2.098664135679295384e-01
-1.550961741386966963e+00,2.128528417572192188e-01
-1.550955161737504140e+00,2.163511302743622022e-01
-1.550948582121867814e+00,2.198494137838999662e-01
-1.550941039915675113e+00,2.238595121161806312e-01
-1.550933497771161740e+00,2.278696023878418742e-01
-1.550924993170404331e+00,2.323914555028656903e-01
-1.550916488665112780e+00,2.369132970837369290e-01
-1.550907021860191914e+00,2.419468429933827602e-01
-1.550897555190595467e+00,2.469803734487588665e-01
-1.550887126400492422e+00,2.525255431599782163e-01
-1.550876697791730319e+00,2.580706930429486068e-01
-1.550865307264252868e+00,2.641274105376685832e-01
-1.550853916970352353e+00,2.701841033749904364e-01
-1.550841885597930014e+00,2.765817971268088593e-01
-1.550829854485470616e+00,2.829794730415161053e-01
-1.550817823610673551e+00,2.893771488950834803e-01
-1.550805792978798836e+00,2.957748275005792071e-01
-1.550793762599970149e+00,3.021725087935729914e-01
-1.550781732484312059e+00,3.085701923099749555e-01
-1.550769702640603098e+00,3.149678776074156805e-01
-1.550757673076174070e+00,3.213655643216172253e-01
-1.550745964372817864e+00,3.275927556614354197e-01
-1.550734255931861094e+00,3.338199575309199196e-01
-1.550723509549971624e+00,3.395356206096651897e-01
-1.550712763381685955e+00,3.452513076363929456e-01
-1.550702338077195375e+00,3.507964670735577162e-01
-1.550691913011750467e+00,3.563416334544982633e-01
-1.550682450067562446e+00,3.613751614512962229e-01
-1.550672987317540219e+00,3.664087056976523815e-01
-1.550663845425466425e+00,3.712716902267216845e-01
-1.550654703740615314e+00,3.761346790454679900e-01
-1.550646524210452126e+00,3.804859434800573759e-01
-1.550638344848212613e+00,3.848372182392205687e-01
-1.550630486327531976e+00,3.890179060283602275e-01
-1.550622627979417967e+00,3.931985962715013883e-01
-1.550615090462009293e+00,3.972086922371039219e-01
-1.550607553107767211e+00,4.012187902546434648e-01
-1.550600977899039501e+00,4.047170740468011285e-01
-1.550594402821363849e+00,4.082153624089037147e-01
-1.550588148547564549e+00,4.115430358254767440e-01
-1.550581894401205307e+00,4.148707100410248816e-01
-1.550575961045222551e+00,4.180277638319869760e-01
-1.550570027806789319e+00,4.211848181292932036e-01
-1.550564415343883118e+00,4.241712476102261209e-01
-1.550558802988758256e+00,4.271576773984032127e-01
-1.550554375824977127e+00,4.299734787049747653e-01
-1.550551677628456915e+00,4.327892823571837244e-01
-1.550549955042253680e+00,4.354344543376658105e-01
-1.550548232465108089e+00,4.380796261761492616e-01
-1.550546621029349037e+00,4.405541609827488547e-01
-1.550545009629521020e+00,4.430286954230107654e-01
-1.550543509396210329e+00,4.453325892941792929e-01
-1.550542009221832718e+00,4.476364825830927430e-01
-1.550540509119947119e+00,4.499403757444102037e-01
-1.550539009103726551e+00,4.522442687407190465e-01
-1.550537175921745447e+00,4.550600733919163976e-01
-1.550535342893182511e+00,4.578758768448537020e-01
-1.550533176851627282e+00,4.612035550127412398e-01
-1.550531011044748553e+00,4.645312293202867870e-01
-1.550528512409795612e+00,4.683707350777664424e-01
-1.550526014101804906e+00,4.722102340327996584e-01
-1.550523183177869857e+00,4.765615146705775018e-01
-1.550520352679288338e+00,4.809127851445258450e-01
-1.550517189796546402e+00,4.857757809893114564e-01
-1.550514027437727593e+00,4.906387628679181323e-01
-1.550510532937344754e+00,4.960134072417781148e-01
-1.550507039053315550e+00,5.013880333987167370e-01
-1.550503213271779313e+00,5.072742526007917307e-01
-1.550499388186832084e+00,5.131604488847291146e-01
-1.550495231440899513e+00,5.195581621843405884e-01
-1.550491075454469625e+00,5.259558474149175211e-01
-1.550486920192854612e+00,5.323535310893179329e-01
-1.550482765632729354e+00,5.387512176647507589e-01
-1.550478611751136659e+00,5.451489072863605623e-01
-1.550474458523639854e+00,5.515465994591599586e-01
-1.550470305924412262e+00,5.579442936808685083e-01
-1.550466153926632229e+00,5.643419895333195990e-01
-1.550462113135719910e+00,5.705691899480791474e-01
-1.550458072867791026e+00,5.767964010228292526e-01
-1.550454364950304864e+00,5.825120726695871554e-01
-1.550450657450173964e+00,5.882277683364633969e-01
-1.550447060960720602e+00,5.937729362125451216e-01
-1.550443464842350405e+00,5.993181110746005347e-01
-1.550440200850229377e+00,6.043516468075617043e-01
-1.550436937150879935e+00,6.093851988121492536e-01
-1.550433784318012043e+00,6.142481908543150348e-01
-1.550430631744883048e+00,6.191111871984650294e-01
-1.550427811134388767e+00,6.234624583782768514e-01
-1.550424990728303420e+00,6.278137398891013854e-01
-1.550422281086162091e+00,6.319944341704017976e-01
-1.550419571626443727e+00,6.361751309091446815e-01
-1.550416972895605205e+00,6.401852331082233949e-01
-1.550414374324170730e+00,6.441953373611288836e-01
-1.550412107545187990e+00,6.476936265948383120e-01
-1.550409840889896529e+00,6.511919203993765670e-01
-1.550407684896132343e+00,6.545195989937007131e-01
-1.550405529010723260e+00,6.578472783873892116e-01
-1.550403483762590406e+00,6.610043370913680771e-01
-1.550401438607460936e+00,6.641613963018372369e-01
-1.550400420867821705e+00,6.671478298439500465e-01
-1.550401236819647144e+00,6.701342638245836314e-01
-1.550402870615637863e+00,6.729500691078489361e-01
-1.550404504408032791e+00,6.757658744755411506e-01
-1.550406039203288344e+00,6.784110465715282867e-01
-1.550407574022724999e+00,6.810562185255482071e-01
-1.550409009869200272e+00,6.835307534401425800e-01
-1.550410445764467626e+00,6.860052879885927268e-01
-1.550411782698457142e+00,6.883091819606301787e-01
-1.550413119697666486e+00,6.906130753507214726e-01
-1.550414456773419491e+00,6.929169686135422390e-01
-1.550415793936192888e+00,6.952208617116748535e-01
-1.550417428335456371e+00,6.980366664877125649e-01
-1.550419062880123988e+00,7.008524700657173812e-01
-1.550420994757162108e+00,7.041801483814745799e-01
-1.550422926847595750e+00,7.075078228369305888e-01
-1.550425156386111780e+00,7.113473287647972265e-01
-1.550427386215126546e+00,7.151868278899997655e-01
-1.550429913623602607e+00,7.195381087200033443e-01
-1.550432441404592243e+00,7.238893793856653325e-01
-1.550435266905846099e+00,7.287523754437470469e-01
-1.550438092861599060e+00,7.336153575348419720e-01
-1.550441216680508827e+00,7.389900021422920462e-01
-1.550444341030590367e+00,7.443646285317463418e-01
-1.550447763381010535e+00,7.502508479869830493e-01
-1.550451186328872133e+00,7.561370445227689752e-01
-1.550454907401001226e+00,7.625347580943796499e-01
-1.550458629122081211e+00,7.689324435947296754e-01
-1.550462351493172131e+00,7.753301275430531936e-01
-1.550466074499879054e+00,7.817278143847127270e-01
-1.550469798123171872e+00,7.881255042729149451e-01
-1.550473522342158850e+00,7.945231967113163263e-01
-1.550477247134725678e+00,8.009208911975815859e-01
-1.550480972477995767e+00,8.073185873135872992e-01
-1.550484698348675305e+00,8.137162847240682062e-01
-1.550488424723349912e+00,8.201139831623400767e-01
-1.550491853602766090e+00,8.260001671188965666e-01
-1.550495282913125106e+00,8.318863770470540375e-01
-1.550498414531642943e+00,8.372609988978187978e-01
-1.550501546502533134e+00,8.426356408750727001e-01
-1.550504579405246997e+00,8.478397381631280760e-01
-1.550507612609102193e+00,8.530438408265761385e-01
-1.550510347833837121e+00,8.577362595462397765e-01
-1.550513083308657780e+00,8.624286913295949875e-01
-1.550515719569306894e+00,8.669505488855070441e-01
-1.550518356044725543e+00,8.714724097127570790e-01
-1.550520893257963717e+00,8.758236882006826818e-01
-1.550523430660803337e+00,8.801749694907359256e-01
-1.550525669782817806e+00,8.840144695359627436e-01
-1.550527909060663179e+00,8.878539763307309318e-01
-1.550530048977116104e+00,8.915228783812156887e-01
-1.550532189027020058e+00,8.951917818643468916e-01
-1.550534229681433729e+00,8.986900743969195027e-01
-1.550536270452044896e+00,9.021883680195416089e-01
-1.550538211797020560e+00,9.055160458286806158e-01
-1.550540153243002761e+00,9.088437245134961540e-01
-1.550541995236159876e+00,9.120007827192059269e-01
-1.550543837316882056e+00,9.151578415595793548e-01
-1.550545380791809036e+00,9.178030139822216382e-01
-1.550546924333249921e+00,9.204481865042277722e-01
-1.550548368362072438e+00,9.229227220851685676e-01
-1.550549812447392872e+00,9.253972571997582941e-01
-1.550551356170946971e+00,9.280424292993953994e-01
-1.550552899950072838e+00,9.306876010094613516e-01
-1.550554344191582334e+00,9.331621354841478366e-01
-1.550555788480702413e+00,9.356366696468452204e-01
-1.550557531601792327e+00,9.386231043201692659e-01
-1.550559274775350271e+00,9.416095369142712945e-01
-1.550561316781839283e+00,9.451078306247413519e-01
-1.550563358844389672e+00,9.486061194028145849e-01
-1.550565699735619640e+00,9.526162238114279646e-01
-1.550568040685998517e+00,9.566263202233441509e-01
-1.550570680455786388e+00,9.611481802968819821e-01
-1.550573320287387258e+00,9.656700288886477246e-01
-1.550576258924430961e+00,9.707035826325747241e-01
-1.550579197625689520e+00,9.757371209632488274e-01
-1.550582435114049806e+00,9.812822993751890710e-01
-1.550585672668906234e+00,9.868274579904111610e-01
-1.550589208988406575e+00,9.928841850427477800e-01
-1.550592745376687009e+00,9.989408874614076339e-01
-1.550596480955751089e+00,1.005338591350845023e+00
-1.550600216610293680e+00,1.011736277420072216e+00
-1.550603952349482784e+00,1.018133963441948397e+00
-1.550607688173811782e+00,1.024531652226642331e+00
-1.550611424082151579e+00,1.030929343707361223e+00
-1.550615160073194554e+00,1.037327037418138032e+00
-1.550618896145699033e+00,1.043724732915100484e+00
-1.550622632298519488e+00,1.050122429832777371e+00
-1.550626368530602095e+00,1.056520127878781912e+00
-1.550630104840975187e+00,1.062917826820647171e+00
-1.550633642076158392e+00,1.068974524434036288e+00
-1.550637179393537179e+00,1.075031240687656986e+00
-1.550640418004866516e+00,1.080576392571074518e+00
-1.550643656691696348e+00,1.086121566353194234e+00
-1.550646596610176342e+00,1.091155103364820800e+00
-1.550649536592650923e+00,1.096188656747602019e+00
-1.550652377006489502e+00,1.101051649914459585e+00
-1.550655217473466685e+00,1.105914647197895562e+00
-1.550657958359398014e+00,1.110607075281618172e+00
-1.550660699294647893e+00,1.115299506950591768e+00
-1.550663141351574348e+00,1.119480194058604106e+00
-1.550665583453809893e+00,1.123660890283056935e+00
-1.550667925943648662e+00,1.127670993219585416e+00
-1.550670268471530999e+00,1.131681098276503317e+00
-1.550672511376736562e+00,1.135520603095669934e+00
-1.550674754316756943e+00,1.139360109644152574e+00
-1.550676698286983957e+00,1.142687785392940913e+00
-1.550678642286911657e+00,1.146015464712500043e+00
-1.550680486637728395e+00,1.149172523966119686e+00
-1.550682331013809145e+00,1.152329583732834228e+00
-1.550684075732519540e+00,1.155316018303325754e+00
-1.550685820473856058e+00,1.158302453115007680e+00
-1.550687465550425248e+00,1.161118258571177897e+00
-1.550689110647189617e+00,1.163934064075674346e+00
-1.550690656072189810e+00,1.166579236267703212e+00
-1.550692201515097235e+00,1.169224408298012996e+00
-1.550693647279634879e+00,1.171698943266237025e+00
-1.550695093059933027e+00,1.174173477857895831e+00
-1.550696439155645701e+00,1.176477371860781052e+00
-1.550697785265112927e+00,1.178781265276446000e+00
-1.550699430489476782e+00,1.181597070516363424e+00
-1.550701075730222422e+00,1.184412874507855262e+00
-1.550703020073568084e+00,1.187740553286322109e+00
-1.550704964434966859e+00,1.191068228121415107e+00
-1.550707207883334160e+00,1.194907734446994052e+00
-1.550709451351615087e+00,1.198747233896082731e+00
-1.550711993887929463e+00,1.203098515052916317e+00
-1.550714536446182512e+00,1.207449785984135993e+00
-1.550717378050341377e+00,1.212312782302698677e+00
-1.550720219678680678e+00,1.217175764604996324e+00
-1.550723360327714184e+00,1.222550409414836503e+00
-1.550726501003436564e+00,1.227925035967920575e+00
-1.550729940671653262e+00,1.233811255576797272e+00
-1.550733380369378134e+00,1.239697452236277364e+00
-1.550737119028493982e+00,1.246095165921952574e+00
-1.550740857720285026e+00,1.252492851514325212e+00
-1.550744596460920777e+00,1.258890535529857857e+00
-1.550748335253646193e+00,1.265288222429497234e+00
-1.550752074099152056e+00,1.271685912361532278e+00
-1.550755812997722360e+00,1.278083604833531339e+00
-1.550759551949607129e+00,1.284481299345279659e+00
-1.550763290955078366e+00,1.290878995480289504e+00
-1.550767030014430725e+00,1.297276692904593798e+00
-1.550770769127975957e+00,1.303674391352554585e+00
-1.550774408648086133e+00,1.309901593781971352e+00
-1.550778048226784778e+00,1.316128806501488668e+00
-1.550781388877070288e+00,1.321844479319920440e+00
-1.550784729588923438e+00,1.327560175954115795e+00
-1.550787771316100239e+00,1.332764259668328899e+00
-1.550790813096379450e+00,1.337968361544890739e+00
-1.550793755230087667e+00,1.343001910789317188e+00
-1.550796697407181846e+00,1.348035464736891509e+00
-1.550799340522027059e+00,1.352557313579718867e+00
-1.550801983679031659e+00,1.357079174023055224e+00
-1.550804527160299040e+00,1.361430453542624708e+00
-1.550807070676558652e+00,1.365781735878917269e+00
-1.550809514507949238e+00,1.369962429611208510e+00
-1.550811958372066535e+00,1.374143125740717286e+00
-1.550814302543374268e+00,1.378153227494202993e+00
-1.550816646745279526e+00,1.382163331421689678e+00
-1.550818691778629965e+00,1.385661620495405755e+00
-1.550820736839116032e+00,1.389159914205165602e+00
-1.550822682182878776e+00,1.392487592762619242e+00
-1.550824627549585166e+00,1.395815272154481645e+00
-1.550826473192111976e+00,1.398972330886937510e+00
-1.550828318855502541e+00,1.402129390145743892e+00
-1.550830064788051077e+00,1.405115824337421104e+00
-1.550831810739514705e+00,1.408102258847553578e+00
-1.550833456953750300e+00,1.410918064089172974e+00
-1.550835103185017605e+00,1.413733869424345091e+00
-1.550836649672950429e+00,1.416379041496974356e+00
-1.550838196176105077e+00,1.419024213433093484e+00
-1.550839642930110118e+00,1.421498748335415563e+00
-1.550841089697608366e+00,1.423973282875073743e+00
-1.550842835770735784e+00,1.426959717987941856e+00
-1.550844581859261551e+00,1.429946150942265515e+00
-1.550846627239174547e+00,1.433444445041856641e+00
-1.550848672636077064e+00,1.436942734135255417e+00
-1.550851017307031565e+00,1.440952838869036245e+00
-1.550853361996830548e+00,1.444962935543355531e+00
-1.550856005940165039e+00,1.449484795878724031e+00
-1.550858649904406361e+00,1.454006644680815308e+00
-1.550861593098573854e+00,1.459040198629285801e+00
-1.550864536315960773e+00,1.464073737124095276e+00
-1.550867778736664482e+00,1.469618915692172845e+00
-1.550871021183193976e+00,1.475164074432357308e+00
-1.550874562803513657e+00,1.481220801601476511e+00
-1.550878104452597661e+00,1.487277504113321269e+00
-1.550881845548562676e+00,1.493675208084295214e+00
-1.550885586681933548e+00,1.500072894218084318e+00
-1.550889327863830935e+00,1.506470580290604877e+00
-1.550893069096588528e+00,1.512868269114850950e+00
-1.550896810380821389e+00,1.519265960626325906e+00
-1.550900551716878573e+00,1.525663654360882804e+00
-1.550904293105090703e+00,1.532061349876098433e+00
-1.550908034545805947e+00,1.538459046807642894e+00
-1.550911776039389123e+00,1.544856744864040232e+00
-1.550915517586215042e+00,1.551254443813540274e+00
-1.550918960033861316e+00,1.557140628115906145e+00
-1.550922402544792744e+00,1.563026838313828604e+00
-1.550925545900429414e+00,1.568401460343467502e+00
-1.550928689311062758e+00,1.573776102459483628e+00
-1.550931733018735326e+00,1.578980199849965294e+00
-1.550934776771127455e+00,1.584184302593123039e+00
-1.550937521289109222e+00,1.588876721363587707e+00
-1.550940265851212141e+00,1.593569153185628196e+00
-1.550942910680815912e+00,1.598091010769076226e+00
-1.550945555546898502e+00,1.602612871617140833e+00
-1.550948100671206697e+00,1.606964150119460477e+00
-1.550950645829791252e+00,1.611315431420025757e+00
-1.550952891664701960e+00,1.615154931470825783e+00
-1.550955137531215833e+00,1.618994438269181879e+00
-1.550957283630893357e+00,1.622663340321500280e+00
-1.550959429757085450e+00,1.626332243805407973e+00
-1.550961476108467574e+00,1.629830536337828484e+00
-1.550963522484233525e+00,1.633328829959706407e+00
-1.550965469078124936e+00,1.636656507767638491e+00
-1.550967415694398444e+00,1.639984186450924364e+00
-1.550969262521977976e+00,1.643141244654909849e+00
-1.550971109369980505e+00,1.646298303493388904e+00
-1.550972856422720314e+00,1.649284737384190791e+00
-1.550974603493979753e+00,1.652271171656839011e+00
-1.550976250763675290e+00,1.655086976729814419e+00
-1.550977898050052595e+00,1.657902781931940517e+00
-1.550979445528843703e+00,1.660547953910743502e+00
-1.550980993022551768e+00,1.663193125772836289e+00
-1.550982540530963627e+00,1.665838297533444923e+00
-1.550984088053807719e+00,1.668483469088203774e+00
-1.550985935067655586e+00,1.671640529004608577e+00
-1.550987782097293266e+00,1.674797585853243120e+00
-1.550989928602465984e+00,1.678466489422292041e+00
-1.550992075125062764e+00,1.682135386969844104e+00
-1.550994521104706481e+00,1.686316083560083001e+00
-1.550996967103680957e+00,1.690496770943337612e+00
-1.550999712538069231e+00,1.695189203208486095e+00
-1.551002457993917449e+00,1.699881622652616331e+00
-1.551005502860484553e+00,1.705085726277114855e+00
-1.551008547750903688e+00,1.710289813016072857e+00
-1.551011892024373173e+00,1.716005516672069575e+00
-1.551015236324391866e+00,1.721721198922221197e+00
-1.551018879976898246e+00,1.727948424253233251e+00
-1.551022523658993402e+00,1.734175623202209193e+00
-1.551026267149041127e+00,1.740573317308950152e+00
-1.551030010682794114e+00,1.746971003898371455e+00
-1.551033754266215370e+00,1.753368691958507863e+00
-1.551037497900653150e+00,1.759766382652182992e+00
-1.551041241586578634e+00,1.766164075699451219e+00
-1.551044985324339320e+00,1.772561770662050673e+00
-1.551048729114284264e+00,1.778959467153422791e+00
-1.551052472956778505e+00,1.785357164859878276e+00
-1.551056117078275509e+00,1.791584366728951272e+00
-1.551059761256878611e+00,1.797811579004702454e+00
-1.551063106127904101e+00,1.803527251522472952e+00
-1.551066451059252449e+00,1.809242947920350231e+00
-1.551069496627141220e+00,1.814447031476801975e+00
-1.551072542247088348e+00,1.819651133229276407e+00
-1.551075488093648591e+00,1.824684682380786960e+00
-1.551078433982657767e+00,1.829718236254427977e+00
-1.551081280088269398e+00,1.834581228022195809e+00
-1.551084126234175686e+00,1.839444223886450569e+00
-1.551086672918263965e+00,1.843795494759538744e+00
-1.551089219641277772e+00,1.848146776059658380e+00
-1.551091666554056836e+00,1.852327470222692396e+00
-1.551094113499170257e+00,1.856508166901575496e+00
-1.551096260917061986e+00,1.860177064861121998e+00
-1.551098408364131043e+00,1.863845968366517170e+00
-1.551100455975636727e+00,1.867344261674617423e+00
-1.551102503611720751e+00,1.870842556039524318e+00
-1.551104451404566209e+00,1.874170234405539537e+00
-1.551106399219905230e+00,1.877497913532863105e+00
-1.551108247185168487e+00,1.880654972056291285e+00
-1.551110095170963099e+00,1.883812031146743227e+00
-1.551111843300098325e+00,1.886798465217351062e+00
-1.551113591447852658e+00,1.889784899631652415e+00
-1.551115239732625328e+00,1.892600704804970446e+00
-1.551116888034167030e+00,1.895416510086051609e+00
-1.551118436466681461e+00,1.898061682120309124e+00
-1.551119984914187233e+00,1.900706854025961290e+00
-1.551121433486908119e+00,1.903181388906745042e+00
-1.551122882072920817e+00,1.905655923429219634e+00
-1.551124330672151830e+00,1.908130457836255678e+00
-1.551125779284355577e+00,1.910604992058337004e+00
-1.551127527583007870e+00,1.913591426668094009e+00
-1.551129275896398818e+00,1.916577859171538334e+00
-1.551131323881754565e+00,1.920076152774826461e+00
-1.551133371883407941e+00,1.923574441463325124e+00
-1.551135719539410429e+00,1.927584545778680436e+00
-1.551138067213511995e+00,1.931594642114411897e+00
-1.551140714521172859e+00,1.936116502111563165e+00
-1.551143361848944080e+00,1.940638350640585319e+00
-1.551146308786400363e+00,1.945671904323067913e+00
-1.551149255746231637e+00,1.950705442603367645e+00
-1.551152502288879242e+00,1.956250620966586640e+00
-1.551155748856462235e+00,1.961795779541635643e+00
-1.551159294977081160e+00,1.967852506555507919e+00
-1.551162841125530267e+00,1.973909208942183913e+00
-1.551166586973233841e+00,1.980306912802481278e+00
-1.551170332857407574e+00,1.986704598847236936e+00
-1.551174078789211430e+00,1.993102284848469186e+00
-1.551177824771008185e+00,1.999499973615607384e+00
-1.551181570803439991e+00,2.005897665081159076e+00
-1.551185316886882326e+00,2.012295358778707577e+00
-1.551189063021693570e+00,2.018693054263978937e+00
-1.551192809208249646e+00,2.025090751171182646e+00
-1.551196455610580172e+00,2.031317952436654029e+00
-1.551200102069269615e+00,2.037545164234727757e+00
-1.551203449032426462e+00,2.043260836429244609e+00
-1.551206796055265569e+00,2.048976532573360210e+00
-1.551210043263951288e+00,2.054521700855776789e+00
-1.551213290520996768e+00,2.060066876083871623e+00
-1.551216238201728936e+00,2.065100412111893657e+00
-1.551219185931345557e+00,2.070133964389579528e+00
-1.551222033816109569e+00,2.074996956677899185e+00
-1.551224881740999706e+00,2.079859953255779548e+00
-1.551227430016550057e+00,2.084211224633073289e+00
-1.551229978330735726e+00,2.088562506334738611e+00
-1.551232426772037432e+00,2.092743200794032976e+00
-1.551234875245428801e+00,2.096923897707061890e+00
-1.551237223837222956e+00,2.100934000070176833e+00
-1.551239572458946059e+00,2.104944104484947065e+00
-1.551241621347429156e+00,2.108442393857769215e+00
-1.551243670262529850e+00,2.111940687800275551e+00
-1.551245619272438869e+00,2.115268366524901911e+00
-1.551247568304843227e+00,2.118596046048249359e+00
-1.551249417424705790e+00,2.121753104874682716e+00
-1.551251266565042197e+00,2.124910164207215235e+00
-1.551253015786266953e+00,2.127896598451080923e+00
-1.551254765026066629e+00,2.130883033001964577e+00
-1.551256414340449918e+00,2.133698838272047205e+00
-1.551258063671567378e+00,2.136514643629270349e+00
-1.551259613071234389e+00,2.139159815717000868e+00
-1.551261162485863432e+00,2.141804987664655435e+00
-1.551262611963292182e+00,2.144279522574625396e+00
-1.551264061453987431e+00,2.146754057119965253e+00
-1.551265411002025862e+00,2.149057951090315388e+00
-1.551266760561717195e+00,2.151361844479955820e+00
-1.551265815857981067e+00,2.154177641044958680e+00
-1.551259682888308733e+00,2.156993430161156411e+00
-1.551243238211036379e+00,2.160321027103193625e+00
-1.551214531349254244e+00,2.163648537731728272e+00
-1.551163726135926790e+00,2.167487598723144782e+00
-1.551091703208245631e+00,2.171326310301289197e+00
-1.550982035433670303e+00,2.175675943789750821e+00
-1.550840373567350827e+00,2.180023509444234175e+00
-1.550655598256107881e+00,2.184542791093345926e+00
-1.550429267258049970e+00,2.189058574580980743e+00
-1.550146940587155964e+00,2.193742014421493636e+00
-1.549812870073870252e+00,2.198422060183928828e+00
-1.549408626387076549e+00,2.203267569642588963e+00
-1.548941942569147523e+00,2.208107469134397594e+00
-1.548389758068671185e+00,2.213109769036389451e+00
-1.547763929241088965e+00,2.218103395778996401e+00
-1.547036187799007534e+00,2.223255226006556562e+00
-1.546223156106699470e+00,2.228394294221363481e+00
-1.545290804249611627e+00,2.233686003240167306e+00
-1.544261163221477995e+00,2.238959656103317819e+00
-1.543093917212229771e+00,2.244378777259377955e+00
-1.541817145963146451e+00,2.249773156922366901e+00
-1.540383760497836096e+00,2.255303970333776498e+00
-1.538828523186011710e+00,2.260801779201243367e+00
-1.536996834074267015e+00,2.266750629326453215e+00
-1.535023312082679281e+00,2.272653938692374087e+00
-1.532847620304835345e+00,2.278666998378780839e+00
-1.530521347729844273e+00,2.284623444360248889e+00
-1.528047708115754855e+00,2.290520420336319418e+00
-1.525430078302616899e+00,2.296354929121901645e+00
-1.522673456804298109e+00,2.302125388269256501e+00
-1.519783058081499938e+00,2.307829964419589874e+00
-1.516762086088639716e+00,2.313466666239276659e+00
-1.513613918787300561e+00,2.319033333611727254e+00
-1.510341793000346877e+00,2.324528219478389168e+00
-1.506949084613816270e+00,2.329949481105551001e+00
-1.503439009513433122e+00,2.335295671001519136e+00
-1.499814927570970458e+00,2.340565239798883646e+00
-1.496080020472927652e+00,2.345757017449256132e+00
-1.492237612594945473e+00,2.350869736877915894e+00
-1.488290835377183319e+00,2.355902492102213586e+00
-1.484242958740844331e+00,2.360854288066918549e+00
-1.480095642468925554e+00,2.365723095323323033e+00
-1.475850586996333202e+00,2.370506918358235460e+00
-1.471743453293814952e+00,2.374956165704428468e+00
-1.467552409135405966e+00,2.379326475135858487e+00
-1.463238881849511897e+00,2.383656508544538255e+00
-1.458843760661917122e+00,2.387903690467441997e+00
-1.454746359754025553e+00,2.391722153314519872e+00
-1.450583925191123669e+00,2.395469639623934555e+00
-1.446745577710376818e+00,2.398811839171246518e+00
-1.442854371784577427e+00,2.402092344572366311e+00
-1.439310159895132779e+00,2.404990241506888449e+00
-1.435725380950643393e+00,2.407837791957451845e+00
-1.432236565369124248e+00,2.410531345379966162e+00
-1.428711691673138162e+00,2.413177513652469131e+00
-1.425289894655554557e+00,2.415676352326903142e+00
-1.421836166252272271e+00,2.418130851003289727e+00
-1.418492042912865791e+00,2.420444650879467474e+00
-1.415119759735387062e+00,2.422717199133829880e+00
-1.411863055431634040e+00,2.424855598935656165e+00
-1.408581625990097397e+00,2.426955849116836816e+00
-1.405711174175032552e+00,2.428748636296116370e+00
-1.402822163046210546e+00,2.430511352299129957e+00
-1.400061941361331552e+00,2.432157334879407440e+00
-1.397285682934393369e+00,2.433776108423200135e+00
-1.394642315948143807e+00,2.435283858246922506e+00
-1.391985173384527874e+00,2.436767186872462965e+00
-1.389464617635087107e+00,2.438144965772646611e+00
-1.386932310715087269e+00,2.439501015610043844e+00
-1.384539903760708457e+00,2.440756732481672131e+00
-1.382137548956838380e+00,2.441993302561510149e+00
-1.379878058352485226e+00,2.443134475000293460e+00
-1.377610220135981001e+00,2.444258958825928918e+00
-1.375487884202682531e+00,2.445292682130734807e+00
-1.373358614365264296e+00,2.446312038808199585e+00
-1.371222507296089743e+00,2.447316982644162753e+00
-1.369079660143082577e+00,2.448307467990859188e+00
-1.366465128653387984e+00,2.449497510800378475e+00
-1.363844783561903418e+00,2.450674689332804412e+00
-1.360751161478526372e+00,2.452047392077288279e+00
-1.357651670289685919e+00,2.453406778703137725e+00
-1.354076765699962159e+00,2.454956381711351998e+00
-1.350495238438254919e+00,2.456490598408245685e+00
-1.346436374706552863e+00,2.458210148099059467e+00
-1.342371212085044174e+00,2.459914726605113344e+00
-1.337827166014171398e+00,2.461800451899049058e+00
-1.333276216126580538e+00,2.463669418073503703e+00
-1.328244408205204952e+00,2.465714230592052747e+00
-1.323205119258577422e+00,2.467740486841775382e+00
-1.317683058240887384e+00,2.469937268262084817e+00
-1.312152969467961672e+00,2.472113686621159712e+00
-1.306191225677838963e+00,2.474434667402590993e+00
-1.300221124666991468e+00,2.476733624495430774e+00
-1.294241984000160439e+00,2.479010808065381877e+00
-1.288255093402782103e+00,2.481265726591291632e+00
-1.282259820885718105e+00,2.483498630824906961e+00
-1.276256346576414735e+00,2.485709450118911423e+00
-1.270244763600458127e+00,2.487898149537289161e+00
-1.264225156999271293e+00,2.490064697863417997e+00
-1.258197609952915963e+00,2.492209065024698855e+00
-1.252162205045685317e+00,2.494331221557663625e+00
-1.246119024648907336e+00,2.496431138442742004e+00
-1.240068151068485447e+00,2.498508787039263268e+00
-1.234494621400198611e+00,2.500401523142862015e+00
-1.228915284076305570e+00,2.502277151535427624e+00
-1.223492011170908889e+00,2.504081806539083743e+00
-1.218063217294288014e+00,2.505869808579799241e+00
-1.212791094239490608e+00,2.507588289594984143e+00
-1.207513714916822689e+00,2.509290580844800278e+00
-1.202718543846156951e+00,2.510821093129115944e+00
-1.197918681301822330e+00,2.512336881635583108e+00
-1.193603007532352711e+00,2.513686660959497221e+00
-1.189284020330790614e+00,2.515025838364298050e+00
-1.185124808013663600e+00,2.516304283933227470e+00
-1.180962465488577529e+00,2.517572509102854461e+00
-1.176960322850776119e+00,2.518781186722970133e+00
-1.172955221144265536e+00,2.519980029658487997e+00
-1.169438161612814220e+00,2.521024554855304523e+00
-1.165919178251517696e+00,2.522062598811894762e+00
-1.162562015563575191e+00,2.523046187165797427e+00
-1.159203045282046984e+00,2.524023587552248316e+00
-1.156006187557346632e+00,2.524947429571060997e+00
-1.152807632289787554e+00,2.525865379050484361e+00
-1.149771477443944256e+00,2.526730668735039487e+00
-1.146733732783640658e+00,2.527590361913960137e+00
-1.144187422841418167e+00,2.528306755227003322e+00
-1.141640234635945772e+00,2.529020019191496438e+00
-1.138927802825585145e+00,2.529775961718999433e+00
-1.136214445002565521e+00,2.530528570623097995e+00
-1.133664645969051588e+00,2.531232440004025364e+00
-1.131113984165181163e+00,2.531933175729304430e+00
-1.128727059067068161e+00,2.532585775277364615e+00
-1.126339334244539137e+00,2.533235441220971662e+00
-1.124115521581390276e+00,2.533837575134942011e+00
-1.121890971320658181e+00,2.534436975913630707e+00
-1.119170583409138331e+00,2.535163709498938545e+00
-1.116447976875017067e+00,2.535882084863733787e+00
-1.113227116746082102e+00,2.536718187736258567e+00
-1.110002188795321310e+00,2.537538454441098157e+00
-1.106275845788986301e+00,2.538463143185523574e+00
-1.102543343477643711e+00,2.539362637251953547e+00
-1.098305727550174415e+00,2.540349503387797636e+00
-1.094059787902878611e+00,2.541299902262848409e+00
-1.089304765348092285e+00,2.542316829725295602e+00
-1.084539394862723771e+00,2.543284069259242663e+00
-1.079596018550691428e+00,2.544229108772693593e+00
-1.074641417186516623e+00,2.545113376879646339e+00
-1.069507570042510514e+00,2.545959871279594555e+00
-1.064362440111073171e+00,2.546733764439660153e+00
-1.059041862617595475e+00,2.547452310922344587e+00
-1.053699909996597572e+00,2.548087128580176941e+00
-1.048524215912988833e+00,2.548613838050901137e+00
-1.043339694091984793e+00,2.549048341967884657e+00
-1.037637822189771963e+00,2.549422369097141150e+00
-1.031930037347245754e+00,2.549691341382509968e+00
-1.025707121488284468e+00,2.549867927665119716e+00
-1.019481985098241950e+00,2.549926097852503126e+00
-1.013313523423031492e+00,2.549868271409078790e+00
-1.007147151656579753e+00,2.549696887862592298e+00
-1.000757948895220739e+00,2.549401513534269803e+00
-9.943752709107611665e-01,2.548988567298412722e+00
-9.881708495966466943e-01,2.548474212485889900e+00
-9.819765501866946078e-01,2.547849516861727004e+00
-9.763015487158287486e-01,2.547178490229696113e+00
-9.706384274371567811e-01,2.546413502148043850e+00
-9.648202212295285962e-01,2.545529149539244251e+00
-9.590174863497895608e-01,2.544548501976819033e+00
-9.537338584382912821e-01,2.543568604248031217e+00
-9.484658805079194677e-01,2.542507731635140100e+00
-9.437135254075650348e-01,2.541479135681727897e+00
-9.389754980611746404e-01,2.540386439983536970e+00
-9.347488844069150593e-01,2.539354112458782620e+00
-9.305352730643114967e-01,2.538269954928814354e+00
-9.264995739057547697e-01,2.537179885330623552e+00
-9.224768792497681780e-01,2.536042804794167882e+00
-9.186309324374327678e-01,2.534908344511248579e+00
-9.147977695262555775e-01,2.533731441967242759e+00
-9.111399644267437203e-01,2.532565217101223176e+00
-9.074945411686611285e-01,2.531360868401681952e+00
-9.037009350284612719e-01,2.530062179057605221e+00
-8.999219246931384752e-01,2.528721636818640039e+00
-8.966375379492701470e-01,2.527517802672241576e+00
-8.933651402496877170e-01,2.526281751053810254e+00
-8.902636493467613876e-01,2.525076391846455159e+00
-8.871734000388390440e-01,2.523842510865629496e+00
-8.842521133549067214e-01,2.522645819012003798e+00
-8.813412298934576450e-01,2.521424052163406149e+00
-8.785973221903529140e-01,2.520245512746698946e+00
-8.758629172377954131e-01,2.519045101661970598e+00
-8.732934885411866022e-01,2.517893504109618430e+00
-8.707326225166270861e-01,2.516722999578371311e+00
-8.686438049019257202e-01,2.515751139085792953e+00
-8.665610026870662619e-01,2.514766467319463406e+00
-8.643308257888142609e-01,2.513694467436306201e+00
-8.621079472512319652e-01,2.512607423589513722e+00
-8.594328837578892877e-01,2.511279849610361659e+00
-8.567643833639561057e-01,2.509939149199713615e+00
-8.536452714149881382e-01,2.508355220347840753e+00
-8.505320279599301037e-01,2.506759812329191206e+00
-8.469701003343294010e-01,2.504917868131777414e+00
-8.434160130730073979e-01,2.503063364815813596e+00
-8.394135746778961238e-01,2.500956110421700185e+00
-8.354203053819169167e-01,2.498834832985476595e+00
-8.309838277291534681e-01,2.496457119673936464e+00
-8.265561426338555728e-01,2.494063080038519509e+00
-8.216881436154765961e-01,2.491407741801297870e+00
-8.168299735371049586e-01,2.488734498231286896e+00
-8.115344019707317891e-01,2.485795108704949463e+00
-8.062497122716303366e-01,2.482836246918774581e+00
-8.006790337677539560e-01,2.479690259302591571e+00
-7.951199929310168724e-01,2.476523786905608926e+00
-7.895716534051447910e-01,2.473338555770734359e+00
-7.840331120170052071e-01,2.470136311011113417e+00
-7.785044211330515163e-01,2.466917082883428591e+00
-7.729856333613879249e-01,2.463680901978716253e+00
-7.674768011593443573e-01,2.460427799024988538e+00
-7.619779767918918312e-01,2.457157804860954364e+00
-7.564892123449797889e-01,2.453870950441468857e+00
-7.510105597432853441e-01,2.450567266846094050e+00
-7.455420707648531264e-01,2.447246785286321558e+00
-7.400837970523218567e-01,2.443909537111163210e+00
-7.346357901214113362e-01,2.440555553811400991e+00
-7.291981013673131118e-01,2.437184867022801349e+00
-7.237707820694825323e-01,2.433797508528532827e+00
-7.183538833952235469e-01,2.430393510260979273e+00
-7.129474564023511318e-01,2.426972904303084544e+00
-7.075515520411492787e-01,2.423535722889336608e+00
-7.025958060585534293e-01,2.420359644579386682e+00
-6.976478529632246239e-01,2.417171393484381703e+00
-6.928508553362887623e-01,2.414063715049625802e+00
-6.880614975150947110e-01,2.410944262350744438e+00
-6.834224788093410385e-01,2.407906479059124472e+00
-6.787909290448307376e-01,2.404857309190052028e+00
-6.745935299922140027e-01,2.402079161106038363e+00
-6.704029537299436292e-01,2.399290703571959504e+00
-6.666437697154652398e-01,2.396777626072289280e+00
-6.628892126362629922e-01,2.394257620693066801e+00
-6.592807651210349507e-01,2.391826026834388941e+00
-6.556768017790123304e-01,2.389387787372037497e+00
-6.522184509696155041e-01,2.387038761211380589e+00
-6.487644322750887316e-01,2.384683365891658635e+00
-6.457370659690745418e-01,2.382610734882152581e+00
-6.427135197912241527e-01,2.380532526235077828e+00
-6.398336163359378270e-01,2.378546530558254712e+00
-6.369561542176814806e-01,2.376556997679486471e+00
-6.342213566301619920e-01,2.374661135399787071e+00
-6.314888898233226300e-01,2.372761914185242738e+00
-6.288987410410664669e-01,2.370956888421146935e+00
-6.263108115400451981e-01,2.369148681380274013e+00
-6.238648514013518387e-01,2.367435193287449113e+00
-6.214209981442846420e-01,2.365718701104596811e+00
-6.191187639917703489e-01,2.364097450369541775e+00
-6.168185234995605670e-01,2.362473372175940334e+00
-6.146595500692408898e-01,2.360945056704982559e+00
-6.125024562773081493e-01,2.359414089824891647e+00
-6.104862747122800082e-01,2.357979405106883863e+00
-6.084718578204321160e-01,2.356542244594995505e+00
-6.064592084893378754e-01,2.355102610318041911e+00
-6.044483298543837924e-01,2.353660504482346205e+00
-6.020220004514126311e-01,2.351919327861526465e+00
-5.995946035948300779e-01,2.350179642376911904e+00
-5.967492884231497818e-01,2.348144404485488224e+00
-5.939014790623533546e-01,2.346112665146871556e+00
-5.906341635521937805e-01,2.343787683509805486e+00
-5.873640012425489498e-01,2.341466720423083903e+00
-5.836732931842626426e-01,2.338854088771538109e+00
-5.799793887476530907e-01,2.336245997417282450e+00
-5.758639097383937422e-01,2.333347817966106241e+00
-5.717448878316463423e-01,2.330454702283224933e+00
-5.672032733836157581e-01,2.327273085616953452e+00
-5.626577726103993982e-01,2.324097057876641781e+00
-5.576886722566881671e-01,2.320634122818984846e+00
-5.527153452705775294e-01,2.317177303492308216e+00
-5.474575351064245865e-01,2.313532310923989144e+00
-5.421952698981900021e-01,2.309893784664350136e+00
-5.369285428441937791e-01,2.306261720337964505e+00
-5.316573594103077838e-01,2.302636122144686937e+00
-5.263817274149379388e-01,2.299016995925052598e+00
-5.211016548284579386e-01,2.295404347448540161e+00
-5.158171498767234464e-01,2.291798182415647034e+00
-5.105282208332916349e-01,2.288198506482324923e+00
-5.052348759126807920e-01,2.284605325247177632e+00
-4.999371232858258463e-01,2.281018644262791994e+00
-4.946349711097702828e-01,2.277438469079644534e+00
-4.893284274793940347e-01,2.273864805219142582e+00
-4.840175004623880062e-01,2.270297658172820032e+00
-4.787021981157599249e-01,2.266737033406197810e+00
-4.733825284925878285e-01,2.263182936363639097e+00
-4.680584996426577771e-01,2.259635372469628312e+00
-4.628721191540803859e-01,2.256188714343195123e+00
-4.576815031508242315e-01,2.252748420528259743e+00
-4.529134019212971984e-01,2.249596584548775535e+00
-4.481414147572392870e-01,2.246450592564183335e+00
-4.437939287349236817e-01,2.243590199019892761e+00
-4.394446719862721284e-01,2.240732466161534653e+00
-4.352362557623344341e-01,2.237970973232772387e+00
-4.310261407346929197e-01,2.235212063094558221e+00
-4.272424998899673754e-01,2.232735944179908394e+00
-4.234573308325430552e-01,2.230262144493161180e+00
-4.198133308256493668e-01,2.227883801928416396e+00
-4.161681721517078159e-01,2.225507894916916474e+00
-4.126643788845755778e-01,2.223227192327153823e+00
-4.091591820064922058e-01,2.220948640314898803e+00
-4.057956732738470795e-01,2.218765130639608785e+00
-4.024308219739254899e-01,2.216583686199677494e+00
-3.992078375367479892e-01,2.214497025303651778e+00
-3.959835702884831887e-01,2.212412343582739638e+00
-3.929013476692445606e-01,2.210422186052041660e+00
-3.898179017240246402e-01,2.208433921452202853e+00
-3.868766774827981370e-01,2.206539921157847139e+00
-3.839342892403250773e-01,2.204647727346026098e+00
-3.811342992327481083e-01,2.202849537530098711e+00
-3.783332043161226621e-01,2.201053067554262999e+00
-3.759620484136215746e-01,2.199534391893961160e+00
-3.735899593158898968e-01,2.198017172419539200e+00
-3.713607395560667435e-01,2.196593262658132595e+00
-3.691306458173822524e-01,2.195170722427066234e+00
-3.670435958021212031e-01,2.193841230099018880e+00
-3.649557300127189707e-01,2.192513019998607593e+00
-3.630110813832397310e-01,2.191277595415696666e+00
-3.610656749335262594e-01,2.190043365651232588e+00
-3.591195110026929593e-01,2.188810330920281988e+00
-3.571725903515246547e-01,2.187578491704034622e+00
-3.547907787954974190e-01,2.186076608382927056e+00
-3.524052849062344617e-01,2.184580581683539080e+00
-3.495802166936785582e-01,2.182822151265638944e+00
-3.467476167402457898e-01,2.181075884326781900e+00
-3.434689193756585990e-01,2.179078148732471742e+00
-3.401780282704164882e-01,2.177100594583985860e+00
-3.364336524067063627e-01,2.174884825740676764e+00
-3.326725062578720360e-01,2.172696388773698306e+00
-3.284515845392889655e-01,2.170281877682293192e+00
-3.242129503490691622e-01,2.167898511719474453e+00
-3.195090614114858840e-01,2.165298961264049193e+00
-3.147861626870536167e-01,2.162734142678228721e+00
-3.095931530620096850e-01,2.159963366112250593e+00
-3.043798927476337735e-01,2.157230926081034728e+00
-2.986918734965510192e-01,2.154302849394927222e+00
-2.929824672965747889e-01,2.151416755528785973e+00
-2.872519602610312806e-01,2.148572788589715898e+00
-2.815006589093257405e-01,2.145771100740178294e+00
-2.758834740282197773e-01,2.143083634946859828e+00
-2.702482609018422854e-01,2.140434149400134878e+00
-2.646468775988745081e-01,2.137846602607222479e+00
-2.590281472776952421e-01,2.135296931376313267e+00
-2.531846935222827888e-01,2.132692716144620082e+00
-2.473238033947515735e-01,2.130128015632520633e+00
-2.414457333116327986e-01,2.127602941800619707e+00
-2.355507492770290146e-01,2.125117608894170562e+00
-2.301124235591062717e-01,2.122865971377828398e+00
-2.246603551950376310e-01,2.120647749537823312e+00
-2.196703839866937236e-01,2.118651374873217197e+00
-2.146694406291418666e-01,2.116682595854838755e+00
-2.098167238364736509e-01,2.114803074156938134e+00
-2.049536917745020947e-01,2.112950394493414041e+00
-1.999207971150697427e-01,2.111064781691188053e+00
-1.948775686268864327e-01,2.109207010054025222e+00
-1.903057173115278722e-01,2.107549925348047193e+00
-1.857257682263535048e-01,2.105915314093402380e+00
-1.816210456905785753e-01,2.104471591755939119e+00
-1.775101460830789124e-01,2.103045525067606114e+00
-1.735545556185208449e-01,2.101692357580861703e+00
-1.695931833727668814e-01,2.100356206943544635e+00
-1.661120940015732295e-01,2.099197510358123075e+00
-1.626267540366645448e-01,2.098051648926886781e+00
-1.592994838091063015e-01,2.096971326386159351e+00
-1.559682547782688944e-01,2.095903273199419381e+00
-1.524704610440705266e-01,2.094796015082088125e+00
-1.489686137538913102e-01,2.093701655732314926e+00
-1.459521324972192224e-01,2.092770151771004006e+00
-1.429328024530273911e-01,2.091847916239195193e+00
-1.400739864524483402e-01,2.090984299426140502e+00
-1.372125316104283177e-01,2.090129467268211361e+00
-1.341848330530379385e-01,2.089235091266650635e+00
-1.311544034972632333e-01,2.088350019108349720e+00
-1.286132818009534107e-01,2.087615472560832242e+00
-1.260703629123666181e-01,2.086887172590434769e+00
-1.236898173459945460e-01,2.086211702031241622e+00
-1.213076197830973008e-01,2.085542083517669010e+00
-1.190881697777693704e-01,2.084924093035851023e+00
-1.168672087109157848e-01,2.084311558668110465e+00
-1.141502678960865380e-01,2.083572102891826816e+00
-1.114301734089269691e-01,2.082844336057635193e+00
-1.082112123442869611e-01,2.082001080076443245e+00
-1.049871340649585760e-01,2.081177610823560897e+00
-1.012606269133913134e-01,2.080253801674679437e+00
-9.752686465059259846e-02,2.079359773379702681e+00
-9.328745937020395396e-02,2.078380389069629519e+00
-8.904037937954048521e-02,2.077434880204042766e+00
-8.428556005929341288e-02,2.076416102477146364e+00
-7.952277042557123754e-02,2.075435312743433958e+00
-7.425037761070582554e-02,2.074393377630864510e+00
-6.896985100588928774e-02,2.073393557608859350e+00
-6.317813400284183478e-02,2.072344755114248205e+00
-5.737825106495350602e-02,2.071342206304783939e+00
-5.106585862938343989e-02,2.070302869715898719e+00
-4.474539910862593284e-02,2.069313933621812929e+00
-3.841748398010544352e-02,2.068373506874120693e+00
-3.208281011181215309e-02,2.067479709002960409e+00
-2.574172136012416179e-02,2.066632588589868647e+00
-1.939456256606339815e-02,2.065832191779866989e+00
-1.304167887321640643e-02,2.065078562150247876e+00
-6.683415628245127638e-03,2.064371740699314728e+00
-6.594282795459273025e-04,2.063745091496030692e+00
5.368669751240329018e-03,2.063159128250862562e+00
1.145719047691218587e-02,2.062608762551807917e+00
1.754928287764994169e-02,2.062099518243196261e+00
2.366355975904099740e-02,2.061629967529137630e+00
2.978086243711744116e-02,2.061201709701036666e+00
3.539033275504510634e-02,2.060845320248153811e+00
4.100190037229770740e-02,2.060523372579402324e+00
4.610434929517959884e-02,2.060260481932324694e+00
5.120817389552803633e-02,2.060025790340678675e+00
5.614277442320397826e-02,2.059826198872353409e+00
6.107827233334577749e-02,2.059653880525786462e+00
6.549433607796886769e-02,2.059522648279162649e+00
6.992971944189431410e-02,2.059412658036696708e+00
7.384401460463990707e-02,2.059333741619624902e+00
7.775874226113127508e-02,2.059271649420324035e+00
8.184431508893368068e-02,2.059224414268514991e+00
8.593006046253567898e-02,2.059194743215972068e+00
8.950411117838064090e-02,2.059183056651087362e+00
9.307818862839674356e-02,2.059184541545167058e+00
9.648162985530420177e-02,2.059198498464410942e+00
9.988499807989791035e-02,2.059224998250889005e+00
1.031176403575027323e-01,2.059262083543028865e+00
1.063501246245537601e-01,2.059311082473749721e+00
1.094118408983479757e-01,2.059367839711157444e+00
1.124733687016790940e-01,2.059434000521069841e+00
1.153641047038564127e-01,2.059505354023313028e+00
1.182546077872163176e-01,2.059585586100517229e+00
1.209743032699082954e-01,2.059669437829782179e+00
1.236937280823836721e-01,2.059761642771196222e+00
1.262423728873611206e-01,2.059855111636681446e+00
1.287907798347462107e-01,2.059954843181831308e+00
1.311684431167308151e-01,2.060053745099912348e+00
1.335458554683748855e-01,2.060158489627545109e+00
1.364344883983301671e-01,2.060290203371518913e+00
1.393230388564142275e-01,2.060423692065145751e+00
1.427229544384171211e-01,2.060579767010575214e+00
1.461230569040677385e-01,2.060731666028527531e+00
1.500346868404621170e-01,2.060901604162933776e+00
1.539465166210836899e-01,2.061066738211305260e+00
1.583698905708200710e-01,2.061248025339133427e+00
1.627934733661405564e-01,2.061423880370736317e+00
1.677286056078509946e-01,2.061614002685242752e+00
1.726639531827643959e-01,2.061798065145352687e+00
1.781108428067454674e-01,2.061994509404622811e+00
1.835579507503808383e-01,2.062184266308914271e+00
1.895165245875164439e-01,2.062386348905771882e+00
1.954751976005808800e-01,2.062584774602934434e+00
2.018695473608883573e-01,2.062791816761471164e+00
2.082641230903091445e-01,2.062991010738433939e+00
2.146588848501324032e-01,2.063184319488474028e+00
2.210537668024947222e-01,2.063373705142455439e+00
2.274487666029139932e-01,2.063559167645949710e+00
2.338438813714511788e-01,2.063740706909731326e+00
2.402391082324666360e-01,2.063918322847441811e+00
2.466344443907390604e-01,2.064092015377677392e+00
2.530299325659376986e-01,2.064259821713298582e+00
2.594256230566271415e-01,2.064419779254881959e+00
2.654805621955845796e-01,2.064565638232735978e+00
2.715356083422955091e-01,2.064707782532733571e+00
2.770793099595496023e-01,2.064834519358726084e+00
2.826231102086829150e-01,2.064957854720651298e+00
2.879964885122871521e-01,2.065074099544846664e+00
2.933699432226659631e-01,2.065187046898140366e+00
2.982319108185634282e-01,2.065286257835667438e+00
3.030939529865913640e-01,2.065382484905325722e+00
3.077855174214569334e-01,2.065472457255006944e+00
3.124771399486523382e-01,2.065559549980401588e+00
3.169982667351139427e-01,2.065640701671828339e+00
3.215194457067733214e-01,2.065719078228936301e+00
3.258701136987745550e-01,2.065791827535718106e+00
3.302208284618558531e-01,2.065861906228835476e+00
3.340598659205449850e-01,2.065921385833545454e+00
3.378989458556994063e-01,2.065978508686816095e+00
3.415674723520893408e-01,2.066030841149912423e+00
3.452360234497879321e-01,2.066080921377768664e+00
3.487340318018699037e-01,2.066126525459945018e+00
3.522320525020651849e-01,2.066169981589388360e+00
3.555594966769243248e-01,2.066209275422096425e+00
3.588869655257701519e-01,2.066246526300034692e+00
3.620438458529444126e-01,2.066279928946026079e+00
3.652007468098658061e-01,2.066311393292996623e+00
3.678458026054222674e-01,2.066336131899431106e+00
3.704908732417775963e-01,2.066359246330470523e+00
3.729653263232285965e-01,2.066379350246692947e+00
3.754397908484551349e-01,2.066397934705508366e+00
3.777436252292416530e-01,2.066414530531602178e+00
3.800474589783711665e-01,2.066431126888459868e+00
3.821806572100310273e-01,2.066445839270382834e+00
3.843138632807757693e-01,2.066459241697076177e+00
3.869589740179812942e-01,2.066476672688152938e+00
3.896040611910090989e-01,2.066497352702496570e+00
3.927609364662886793e-01,2.066528820658838139e+00
3.959176984725757409e-01,2.066569982972080055e+00
3.995859911477432913e-01,2.066632462668816839e+00
4.032539296473675039e-01,2.066712964375683192e+00
4.074328485036549097e-01,2.066829075890034506e+00
4.116108838508904522e-01,2.066973412646609720e+00
4.162988430484222957e-01,2.067171401233327543e+00
4.209849225803244388e-01,2.067409680006050188e+00
4.261790881651021379e-01,2.067723377061777779e+00
4.313696919127475438e-01,2.068091265473585683e+00
4.367255497637121398e-01,2.068532051164805541e+00
4.420756034320959538e-01,2.069038560562615814e+00
4.475878146329444474e-01,2.069633920740669097e+00
4.530910846177760298e-01,2.070307044594514867e+00
4.587522590826441649e-01,2.071086058471538038e+00
4.644002963588918509e-01,2.071955318056481143e+00
4.702005965464464698e-01,2.072948504603016051e+00
4.759823185268933776e-01,2.074044771806394127e+00
4.822432309167266062e-01,2.075351745202687948e+00
4.884781425339563832e-01,2.076777576758823241e+00
4.946854223423073904e-01,2.078319884079607771e+00
5.008632736091611637e-01,2.079976203142475111e+00
5.070102617418714708e-01,2.081744121630074495e+00
5.131248199805364951e-01,2.083621150580620807e+00
5.190436872072415886e-01,2.085552007628647342e+00
5.249285090898773154e-01,2.087584286294754676e+00
5.309376708771115227e-01,2.089775779114653176e+00
5.369082713077850677e-01,2.092070190510054939e+00
5.426813458148745939e-01,2.094401253487337744e+00
5.484149897637284887e-01,2.096827646934449785e+00
5.542634145951984559e-01,2.099417692003276326e+00
5.600680523609889994e-01,2.102104245772005608e+00
5.658272722592635473e-01,2.104886545754902194e+00
5.715393267952224576e-01,2.107763730013659575e+00
5.767511637234732369e-01,2.110494032420414001e+00
5.818730921629635677e-01,2.113277064358027424e+00
5.866121540933556533e-01,2.115941443690132484e+00
5.912583895295204783e-01,2.118638004411396825e+00
5.954315942985718424e-01,2.121132462346366321e+00
5.995741362089733739e-01,2.123678137056840054e+00
6.032541030883521449e-01,2.125999119668553927e+00
6.069082517010470079e-01,2.128360671459194275e+00
6.103946102978349275e-01,2.130667272699654724e+00
6.138567139040153053e-01,2.133010153650914731e+00
6.174336437537895073e-01,2.135487195731770704e+00
6.209829740144994226e-01,2.138003621288024902e+00
6.240915620956903886e-01,2.140256698348497189e+00
6.271778673618230160e-01,2.142540217043610973e+00
6.301061544050204910e-01,2.144750263486647324e+00
6.330139572674099435e-01,2.146987193330297305e+00
6.357674606347661905e-01,2.149144727339442618e+00
6.385023096166667633e-01,2.151325857770705952e+00
6.408220989789117361e-01,2.153206465097217137e+00
6.431279630670238001e-01,2.155104120519692135e+00
6.455500763030087574e-01,2.157128837226902629e+00
6.479559420427928318e-01,2.159172827524713956e+00
6.502168825589472734e-01,2.161123778182294064e+00
6.524633802496518920e-01,2.163091340685693087e+00
6.543137783637844596e-01,2.164734211522898466e+00
6.561540483039078886e-01,2.166388417565768609e+00
6.578584053476500548e-01,2.167938531168684069e+00
6.595541640647825110e-01,2.169498042703570384e+00
6.612412730557114537e-01,2.171066904857691604e+00
6.629196809687902814e-01,2.172645069841877774e+00
6.649621380758307110e-01,2.174583348756139678e+00
6.669974360292415527e-01,2.176529141485560537e+00
6.693963758888398230e-01,2.178835310553938864e+00
6.717910595964157183e-01,2.181145894456792078e+00
6.745516189090797754e-01,2.183814421231768943e+00
6.773121742473944273e-01,2.186482945159276436e+00
6.804434675320377712e-01,2.189504273879117946e+00
6.835803161653430937e-01,2.192519824725839062e+00
6.870953360119844699e-01,2.195880285551647049e+00
6.906227052134858990e-01,2.199227768690547258e+00
6.945381454213920280e-01,2.202909415702634988e+00
6.984738595644655046e-01,2.206569366095275431e+00
7.028074796774296251e-01,2.210552469296628963e+00
7.071654547703667415e-01,2.214508886444689129e+00
7.119284498121302152e-01,2.218779970704758409e+00
7.167175495255192486e-01,2.223021728024695332e+00
7.215325927739622003e-01,2.227234016118521787e+00
7.263734009991744678e-01,2.231416678677324850e+00
7.312397915075312671e-01,2.235569557687342890e+00
7.361315802511364526e-01,2.239692495949218376e+00
7.410473488668672948e-01,2.243786863759535066e+00
7.459856600831871187e-01,2.247854017308741348e+00
7.509463627032992861e-01,2.251893832050702038e+00
7.559293050784507972e-01,2.255906184462971087e+00
7.609343349784001287e-01,2.259890951949478755e+00
7.659612995502383948e-01,2.263848012803429288e+00
7.710100453064149262e-01,2.267777246195565422e+00
7.760804181202680674e-01,2.271678532169154607e+00
7.811722632244181286e-01,2.275551751637656661e+00
7.862854252108090192e-01,2.279396786383957263e+00
7.911450033456522979e-01,2.283011594083837359e+00
7.960222872976818742e-01,2.286602505079174730e+00
8.009630804784494407e-01,2.290202895738948641e+00
8.059214904802888269e-01,2.293778978953511238e+00
8.104800600240937847e-01,2.297034892368855719e+00
8.150525962040598982e-01,2.300271197844141025e+00
8.194993807416148801e-01,2.303389903850852960e+00
8.239595314258691960e-01,2.306489473588777983e+00
8.280107190133315642e-01,2.309280925534272999e+00
8.320721746729545787e-01,2.312057440947272280e+00
8.357203378859979770e-01,2.314531745480403302e+00
8.393776012510641982e-01,2.316992596630301104e+00
8.431857797908072216e-01,2.319534659686727007e+00
8.470032935228217763e-01,2.322062670879585955e+00
8.504017043121708808e-01,2.324296670675828125e+00
8.538069653263095082e-01,2.326520228031964344e+00
8.570759122496999227e-01,2.328640485339253274e+00
8.603513558688975493e-01,2.330750694674542878e+00
8.634895653792439285e-01,2.332758880298110071e+00
8.666339281181304477e-01,2.334757419667459644e+00
8.693510848391530210e-01,2.336473903408688102e+00
8.720724528389944830e-01,2.338183706900600178e+00
8.746533181005541335e-01,2.339796403087013310e+00
8.772381380069094181e-01,2.341402752853904978e+00
8.796817539856635060e-01,2.342913040158874249e+00
8.821290733790174698e-01,2.344417318367089997e+00
8.844340672382807744e-01,2.345827294881223768e+00
8.867416553811869884e-01,2.347233020640310919e+00
8.889059413923385833e-01,2.348545987336118301e+00
8.910726431005766557e-01,2.349854962632755395e+00
8.930955371217262906e-01,2.351071975639549727e+00
8.951206700832288199e-01,2.352285257916861827e+00
8.971480354946753666e-01,2.353494805575940152e+00
8.991776264592813428e-01,2.354700614508009604e+00
9.016486687914267995e-01,2.356165616463533841e+00
9.041197103692988346e-01,2.357630617335232159e+00
9.070294550795815480e-01,2.359359335452351658e+00
9.099360073498481416e-01,2.361093410189508912e+00
9.132765408757271830e-01,2.363098940475147014e+00
9.166096582973292106e-01,2.365116763777963538e+00
9.203699596266032845e-01,2.367416930226306171e+00
9.241174868328597691e-01,2.369737839758825348e+00
9.282831709719102653e-01,2.372355028494097517e+00
9.324294526643455150e-01,2.375002833447587669e+00
9.369862251857172808e-01,2.377958275296796486e+00
9.415229187798156429e-01,2.380944409805584971e+00
9.464647246439815698e-01,2.384245237959724317e+00
9.513840261289654432e-01,2.387579290008285060e+00
9.566563533759088189e-01,2.391204769698663135e+00
9.619026398465482242e-01,2.394864742747788711e+00
9.671245699847292876e-01,2.398560401753432547e+00
9.723214709713954296e-01,2.402291260860017541e+00
9.774942683355765105e-01,2.406055567877599000e+00
9.826438725301493982e-01,2.409851557919904685e+00
9.877700863409285548e-01,2.413679085434678129e+00
9.928727149782619055e-01,2.417538004892508141e+00
9.979527897729814079e-01,2.421426635328816523e+00
1.003011307678554953e+00,2.425343267941383552e+00
1.008048113810028790e+00,2.429287782652916228e+00
1.013063053904218469e+00,2.433260058518562197e+00
1.018055974175584133e+00,2.437259973557368564e+00
1.023026720987066707e+00,2.441287404443909903e+00
1.027975139999326659e+00,2.445342225718986739e+00
1.032901073249209212e+00,2.449424307115481536e+00
1.037805640657467610e+00,2.453532025557666696e+00
1.042689740897549289e+00,2.457663561820934373e+00
1.047554702344815514e+00,2.461820080257175025e+00
1.052397974776230205e+00,2.465999401982559736e+00
1.057220915063859179e+00,2.470202656743145653e+00
1.062023194618775257e+00,2.474429569918990879e+00
1.066804673889447663e+00,2.478680020627926250e+00
1.071565231090236381e+00,2.482953901311275580e+00
1.076304748946194545e+00,2.487251107015448603e+00
1.081023112029809496e+00,2.491571533267777028e+00
1.085345903742777729e+00,2.495566489607220717e+00
1.089651508578064254e+00,2.499580001837493626e+00
1.093815598080580154e+00,2.503495175486648794e+00
1.097962830281147273e+00,2.507428212177017279e+00
1.101724535980260988e+00,2.511024254515519250e+00
1.105472981315454684e+00,2.514634142308995290e+00
1.109085692246353005e+00,2.518139057139576753e+00
1.112685469352432399e+00,2.521657260693717983e+00
1.115908615694308770e+00,2.524828721998841452e+00
1.119122016807514886e+00,2.528010072795407126e+00
1.122204782043233040e+00,2.531080891624755136e+00
1.125278105084632330e+00,2.534161163616047485e+00
1.128221839914717473e+00,2.537129729703395675e+00
1.131156446729619791e+00,2.540107322501501841e+00
1.133724575066313633e+00,2.542727514176788883e+00
1.136286261803070463e+00,2.545354011256954152e+00
1.138722665237121623e+00,2.547864365252497265e+00
1.141152893984123340e+00,2.550380698344614672e+00
1.143458710055781369e+00,2.552779979956254497e+00
1.145758624501301615e+00,2.555184920046690955e+00
1.147935002368142055e+00,2.557471905481704777e+00
1.150105754646425726e+00,2.559764231755708330e+00
1.151920409881573404e+00,2.561688788814734163e+00
1.153731514935500302e+00,2.563616686920485499e+00
1.155655664143281802e+00,2.565672498472127749e+00
1.157576020655166404e+00,2.567731852022383521e+00
1.159376437843498975e+00,2.569669733113747689e+00
1.161173280266009300e+00,2.571610928926952866e+00
1.162850861219578924e+00,2.573429995841006512e+00
1.164525086475621585e+00,2.575252151145968948e+00
1.166195950498693623e+00,2.577077388820807613e+00
1.167863447579178926e+00,2.578905702627809493e+00
1.169873865334840390e+00,2.581114093421834621e+00
1.171884281570200637e+00,2.583322483380436019e+00
1.174241647916743014e+00,2.585907202364892576e+00
1.176603770149916350e+00,2.588487571351283378e+00
1.179319620602141683e+00,2.591437939014449743e+00
1.182046320449363419e+00,2.594378276433914721e+00
1.185136189717217681e+00,2.597679611577452974e+00
1.188244252082041319e+00,2.600963816465922562e+00
1.191727457082044417e+00,2.604597215813776678e+00
1.195237331661461955e+00,2.608204849195606911e+00
1.199135502949977727e+00,2.612148134709288971e+00
1.203067412117084789e+00,2.616057766120213568e+00
1.207398601448603559e+00,2.620291020578784824e+00
1.211765993530260932e+00,2.624486889323877303e+00
1.216415873090838984e+00,2.628880646212426342e+00
1.221100650321177650e+00,2.633237155186451517e+00
1.225820039324853949e+00,2.637556150729415627e+00
1.230573741245073016e+00,2.641837359208847325e+00
1.235360188133328041e+00,2.646082009276637503e+00
1.240177768220167565e+00,2.650291294436841305e+00
1.245026219793860411e+00,2.654464985998989501e+00
1.249905279528344515e+00,2.658602857244510620e+00
1.254814682511468771e+00,2.662704683476575518e+00
1.259754162245519948e+00,2.666770242016130332e+00
1.264723450647824876e+00,2.670799312198749664e+00
1.269722278054087772e+00,2.674791675374649458e+00
1.274749196287511266e+00,2.678748686705917592e+00
1.279802713496916100e+00,2.682671669685658067e+00
1.284882599536481429e+00,2.686560445726021484e+00
1.289988622964070908e+00,2.690414837686043281e+00
1.295120551124244734e+00,2.694234669968699869e+00
1.300278150166449986e+00,2.698019768536610741e+00
1.305045763420081828e+00,2.701471607855363111e+00
1.309834495104864160e+00,2.704894130305338429e+00
1.314225202874075515e+00,2.707993657447367752e+00
1.318632984040603917e+00,2.711068886312614890e+00
1.322917288886946929e+00,2.714022906016830383e+00
1.327217853986383478e+00,2.716953208569733658e+00
1.331109331705361942e+00,2.719575134405677552e+00
1.335013651217662911e+00,2.722177917631964039e+00
1.338788321623154642e+00,2.724667574343005327e+00
1.342575178402369840e+00,2.727138658225774837e+00
1.346230108597823660e+00,2.729499724627898249e+00
1.349895155405662850e+00,2.731845057831898238e+00
1.353426170942859441e+00,2.734083285097493210e+00
1.356966776920929707e+00,2.736306312679185115e+00
1.360081721118879594e+00,2.738244787464655605e+00
1.363203791490854133e+00,2.740171772010626672e+00
1.366187432023548531e+00,2.741998165815660915e+00
1.369177783092274669e+00,2.743813551563005770e+00
1.371735823921911068e+00,2.745354687062203869e+00
1.374298586510797948e+00,2.746887958655459538e+00
1.377012732792517014e+00,2.748500501946043784e+00
1.379731816928896349e+00,2.750104700343614539e+00
1.382308595662503414e+00,2.751614292061392852e+00
1.384889998462724092e+00,2.753115962208759981e+00
1.387032365355833186e+00,2.754354319840009779e+00
1.389177767717458378e+00,2.755587408511462222e+00
1.391178041896772521e+00,2.756730553518122129e+00
1.393181118072161828e+00,2.757868779054611252e+00
1.395335550248357759e+00,2.759086016985222489e+00
1.397492966591743713e+00,2.760297956742433723e+00
1.399653353943155931e+00,2.761504590949583005e+00
1.401816699281680956e+00,2.762705912346853587e+00
1.404429807046644552e+00,2.764151743469985156e+00
1.407043800291704283e+00,2.765595967413553069e+00
1.410105297693545312e+00,2.767288662682061418e+00
1.413164944214379437e+00,2.768985241328416169e+00
1.416668744114688128e+00,2.770935142588796030e+00
1.420169164401365647e+00,2.772891621007475216e+00
1.424112235438924623e+00,2.775105051311524740e+00
1.428051213737567160e+00,2.777325735989909283e+00
1.432431378316212145e+00,2.779805792099122375e+00
1.436806955126733287e+00,2.782293904039040200e+00
1.441622237114863703e+00,2.785043796068352062e+00
1.446432430348496334e+00,2.787802541236859888e+00
1.451680830657481103e+00,2.790825463805532536e+00
1.456923635244598003e+00,2.793858032550052162e+00
1.462455710723929547e+00,2.797071530152210439e+00
1.467981845596393775e+00,2.800295198046947043e+00
1.473502036471953769e+00,2.803529034175953338e+00
1.479016266677019020e+00,2.806773028927652458e+00
1.484525521819102245e+00,2.810025485808330892e+00
1.490030781800313786e+00,2.813284704755766974e+00
1.495532037950055848e+00,2.816550680619462010e+00
1.501029281657407788e+00,2.819823408290746514e+00
1.506522504377120208e+00,2.823102882684163539e+00
1.512011697615203820e+00,2.826389098728764981e+00
1.517496852911313754e+00,2.829682051357238493e+00
1.522977961814129699e+00,2.832981735490083253e+00
1.528309053860850364e+00,2.836200031316412851e+00
1.533636198718924204e+00,2.839424874526264464e+00
1.538716455367015179e+00,2.842508790552023878e+00
1.543792926672217902e+00,2.845598944271269914e+00
1.548703960147375991e+00,2.848596664230885533e+00
1.553611207211392564e+00,2.851600350183843613e+00
1.558369462525402316e+00,2.854520876007969665e+00
1.563124136694725053e+00,2.857447247468857476e+00
1.567439824721896802e+00,2.860110747555292932e+00
1.571752252923400484e+00,2.862779554432242080e+00
1.576206319368639974e+00,2.865543586641514651e+00
1.580656982234136976e+00,2.868313082826693616e+00
1.584959543713608143e+00,2.870997755910485782e+00
1.589258809128884842e+00,2.873687713489248452e+00
1.593121314412145217e+00,2.876111005415500799e+00
1.596980850894386794e+00,2.878539045903994786e+00
1.600693130431820599e+00,2.880880815701413411e+00
1.604402533453264112e+00,2.883227144884253246e+00
1.607677513050156382e+00,2.885302912680610454e+00
1.610951222788116199e+00,2.887380695793102081e+00
1.613791687896442006e+00,2.889185952870835461e+00
1.616631046467524868e+00,2.890992956744928399e+00
1.619325408933136812e+00,2.892710010055165704e+00
1.622018716281032891e+00,2.894428718711106630e+00
1.624567190229142755e+00,2.896057207630735597e+00
1.627114663283442786e+00,2.897687262199461600e+00
1.629517467150295662e+00,2.899226828713742155e+00
1.631919324706440744e+00,2.900767871252904140e+00
1.634176677516387288e+00,2.902218157535129350e+00
1.636433138706243184e+00,2.903669830398650564e+00
1.638545260520057889e+00,2.905030479401860877e+00
1.640656545657605436e+00,2.906392425615558217e+00
1.642910326922842001e+00,2.907848254847534619e+00
1.645163212963713040e+00,2.909305468340965373e+00
1.647271983649734262e+00,2.910671303466076942e+00
1.649379914553093185e+00,2.912038433834672091e+00
1.651343896991287696e+00,2.913313919147539899e+00
1.653307095060031262e+00,2.914590610584984809e+00
1.655269508332167350e+00,2.915868507871752335e+00
1.657231136007487171e+00,2.917147610492474286e+00
1.659622040715672320e+00,2.918705582504428353e+00
1.662014856767233706e+00,2.920260616168011580e+00
1.664840787410565293e+00,2.922088492472184384e+00
1.667672316182227998e+00,2.923907681022769989e+00
1.670942752708051371e+00,2.925990459929868059e+00
1.674223379802380673e+00,2.928057144445439075e+00
1.677950530498480086e+00,2.930374861988800816e+00
1.681693247987719797e+00,2.932667349136306445e+00
1.685891738550726826e+00,2.935194898530897323e+00
1.690111795664315686e+00,2.937686263444171608e+00
1.694795122332962700e+00,2.940399034087325170e+00
1.699499937666057114e+00,2.943074335807105424e+00
1.704673492327984041e+00,2.945959706025662150e+00
1.709871628234852725e+00,2.948800499828872823e+00
1.715511496529364965e+00,2.951820057527401175e+00
1.721177083625057946e+00,2.954791036006075178e+00
1.726867142362983998e+00,2.957714997406861723e+00
1.732580352901563536e+00,2.960593469669061673e+00
1.738316351993210329e+00,2.963426269677364555e+00
1.744074773781236098e+00,2.966213216622904714e+00
1.749546399503981942e+00,2.968809739334066222e+00
1.755037019069484838e+00,2.971365897555909186e+00
1.760856500309510020e+00,2.974023182186292580e+00
1.766695375036572591e+00,2.976637526346483487e+00
1.772553342115515074e+00,2.979208795649441299e+00
1.778430087316485109e+00,2.981736852247106384e+00
1.784325292351337300e+00,2.984221559222155040e+00
1.790238637403212429e+00,2.986662781771740161e+00
1.795694956618339555e+00,2.988870381474278304e+00
1.801166080145306436e+00,2.991041097362012735e+00
1.806174400432757787e+00,2.992990921966263596e+00
1.811194613032084622e+00,2.994909967875067469e+00
1.815746986570049959e+00,2.996619809664720524e+00
1.820308750201714343e+00,2.998304471634812618e+00
1.824398322946265028e+00,2.999790542531417081e+00
1.828495153698985964e+00,3.001256506217766962e+00
1.832438244471964461e+00,3.002645642724111497e+00
1.836388112216255752e+00,3.004015389857853879e+00
1.840506099235909021e+00,3.005420811658445324e+00
1.844630935187286491e+00,3.006805983263139748e+00
1.848276232532336527e+00,3.008011464502149845e+00
1.851926683866975010e+00,3.009201264128055886e+00
1.855094612753154459e+00,3.010219821092055437e+00
1.858266275800182665e+00,3.011226696374640799e+00
1.861278818795438550e+00,3.012170849944383999e+00
1.864294820188438173e+00,3.013103893990393356e+00
1.867477418430853575e+00,3.014075639651856431e+00
1.870663573777205713e+00,3.015035648510306920e+00
1.873362363634001326e+00,3.015838875485956194e+00
1.876063607970894997e+00,3.016633809318731707e+00
